INSERT INTO public."Users" ("Id", "Username", "Email", "WebsiteUrl", "AboutMe", "CreatedOn", "LastSeen") VALUES ('1e392be2-e621-4ac1-86c3-81aa7f4873ea', 'Ziemann', 'jacky.price@roobkeeling.co.uk', 'http://www.okunevakerluke.com/shop/books/applet.rsx', 'Consectetur et labore voluptatem eaque. Sapiente rem quis libero architecto. Dolor beatae fuga tempore dignissimo', '2020-07-06 20:21:59.344564', '2020-07-06 20:21:59.344565');
INSERT INTO public."Users" ("Id", "Username", "Email", "WebsiteUrl", "AboutMe", "CreatedOn", "LastSeen") VALUES ('59405a18-8f1d-4ece-a4cd-ef91d5bd65ae', 'Beahanaaa', 'verlie.leffler@cassin.uk', 'http://www.pagac.co.uk/films/template.html', 'Perferendis molesti', '2020-07-06 20:21:59.341489', '2020-07-06 20:21:59.341699');
INSERT INTO public."Users" ("Id", "Username", "Email", "WebsiteUrl", "AboutMe", "CreatedOn", "LastSeen") VALUES ('b0f2361e-c512-4afa-9f1f-7be27101b170', 'Lebsackaa', 'lindsay_cummings@toybogisich.name', 'http://www.orn.uk/articles/index.lsp', 'Nat', '2020-07-06 20:21:59.345391', '2020-07-06 20:21:59.345392');
INSERT INTO public."Users" ("Id", "Username", "Email", "WebsiteUrl", "AboutMe", "CreatedOn", "LastSeen") VALUES ('fa11acfe-8234-4fa3-9733-19abe08f74e8', 'Luettgen', 'amalia@batz.ca', 'http://www.lakinmann.co.uk/shop/food/form.lsp', 'Ut architecto nihil ut et autem repudiandae consectetur consequatur. Sint autem repudiandae quas itaque perspiciatis neque dolorum et. In et ab ut corporis sint. Saepe sit tempor', '2020-07-06 20:21:59.346637', '2020-07-06 20:21:59.346638');
INSERT INTO public."Users" ("Id", "Username", "Email", "WebsiteUrl", "AboutMe", "CreatedOn", "LastSeen") VALUES ('a9b8cd06-88f3-4d88-a8d2-2ae3e179e474', 'Weimanna', 'elissa@hilpertgutkowski.co.uk', 'http://www.conroy.com/shop/films/page.htm', 'Modi corporis nihil eos quaerat nihil laborio', '2020-07-06 20:21:59.343496', '2020-07-06 20:21:59.343498');
INSERT INTO public."Users" ("Id", "Username", "Email", "WebsiteUrl", "AboutMe", "CreatedOn", "LastSeen") VALUES ('81e4f40a-7eb1-4fdb-a868-d93ef504ad21', 'User3', 'spamster69@gmail.com', NULL, NULL, '2021-02-08 09:29:37.362091', '2021-02-08 09:29:37.362091');
INSERT INTO public."Users" ("Id", "Username", "Email", "WebsiteUrl", "AboutMe", "CreatedOn", "LastSeen") VALUES ('72f6411c-8369-420b-8164-d2b81b011d33', 'User4', 'liva.spamster@gmail.com', NULL, NULL, '2021-02-08 09:31:35.557356', '2021-02-08 09:31:35.557358');
INSERT INTO public."Users" ("Id", "Username", "Email", "WebsiteUrl", "AboutMe", "CreatedOn", "LastSeen") VALUES ('07396bf4-ab0c-4d5e-95e6-69134211a1e7', 'User5', 'spamster69@gmail.com', NULL, NULL, '2021-02-08 09:32:32.506456', '2021-02-08 09:32:32.506458');
INSERT INTO public."Users" ("Id", "Username", "Email", "WebsiteUrl", "AboutMe", "CreatedOn", "LastSeen") VALUES ('490c8ea3-e9a9-4327-b693-ef7038bb89b3', 'User7', 'spamster69@gmail.com', NULL, NULL, '2021-02-08 09:36:08.852445', '2021-02-08 09:36:08.852446');
INSERT INTO public."Users" ("Id", "Username", "Email", "WebsiteUrl", "AboutMe", "CreatedOn", "LastSeen") VALUES ('9557db1d-17f2-45cb-9a9e-ec925bf4cf26', 'User11', 'spamster69@gmail.com', NULL, NULL, '2021-02-08 14:52:49.720715', '2021-02-08 14:52:49.720718');
INSERT INTO public."Users" ("Id", "Username", "Email", "WebsiteUrl", "AboutMe", "CreatedOn", "LastSeen") VALUES ('70333f70-75af-48b3-9fa6-4d3156a4fd60', 'User44', 'spamster69@gmail.com', NULL, NULL, '2021-02-08 19:48:23.064262', '2021-02-08 19:48:23.064264');
INSERT INTO public."Users" ("Id", "Username", "Email", "WebsiteUrl", "AboutMe", "CreatedOn", "LastSeen") VALUES ('d75136d5-ba16-474f-8d59-3686536b1adc', 'User333', 'spamster69@gmail.com', NULL, NULL, '2021-02-09 14:57:52.602295', '2021-02-09 14:57:52.602373');
INSERT INTO public."Users" ("Id", "Username", "Email", "WebsiteUrl", "AboutMe", "CreatedOn", "LastSeen") VALUES ('94052890-2988-4c32-b3f9-75cde39e57f3', 'User535', 'spamster69@gmail.com', NULL, NULL, '2021-02-09 21:05:34.510474', '2021-02-09 21:05:34.510481');
INSERT INTO public."Users" ("Id", "Username", "Email", "WebsiteUrl", "AboutMe", "CreatedOn", "LastSeen") VALUES ('bd891d4c-1079-4f89-a8d0-480e4a3de1b2', 'User499', 'User499.User499@User499.com', NULL, NULL, '2021-02-11 10:00:23.949539', '2021-02-11 10:00:23.949542');
INSERT INTO public."Users" ("Id", "Username", "Email", "WebsiteUrl", "AboutMe", "CreatedOn", "LastSeen") VALUES ('e6f3caae-1727-4f99-aff9-7335b823434e', NULL, NULL, NULL, NULL, '2021-02-15 10:38:34.140682', '2021-02-15 10:38:34.140808');
INSERT INTO public."Users" ("Id", "Username", "Email", "WebsiteUrl", "AboutMe", "CreatedOn", "LastSeen") VALUES ('c907c8b5-df95-4d11-81d6-a412a2a1f950', NULL, 'spamster69@gmail.com', NULL, NULL, '2021-02-15 21:22:05.96257', '2021-02-15 21:22:05.962678');
INSERT INTO public."Users" ("Id", "Username", "Email", "WebsiteUrl", "AboutMe", "CreatedOn", "LastSeen") VALUES ('e7ce584f-b5b6-4c02-8d4d-b2ef021acd59', NULL, 'spamster69@gmail.com', NULL, NULL, '2021-02-15 21:31:05.907387', '2021-02-15 21:31:05.907391');
INSERT INTO public."Users" ("Id", "Username", "Email", "WebsiteUrl", "AboutMe", "CreatedOn", "LastSeen") VALUES ('80f4d863-29e7-4643-9b05-40c16b630eda', 'Nenad_Livaic', 'spamster69@gmail.com', NULL, NULL, '2021-02-15 22:12:12.37917', '2021-02-15 22:12:12.379172');
INSERT INTO public."Users" ("Id", "Username", "Email", "WebsiteUrl", "AboutMe", "CreatedOn", "LastSeen") VALUES ('63a1018a-0a92-400d-b45c-78bace2cad42', NULL, NULL, NULL, NULL, '2021-02-16 10:48:23.942729', '2021-02-16 10:48:23.942733');
INSERT INTO public."Users" ("Id", "Username", "Email", "WebsiteUrl", "AboutMe", "CreatedOn", "LastSeen") VALUES ('4c02e811-5aaa-473e-a7a5-b432ef117988', 'Nenad_Livaic_Nickname', 'spamster69@gmail.com', NULL, NULL, '2021-02-16 11:04:55.12488', '2021-02-16 11:04:55.124882');
INSERT INTO public."Users" ("Id", "Username", "Email", "WebsiteUrl", "AboutMe", "CreatedOn", "LastSeen") VALUES ('91aba779-9ec2-4669-89d6-4f0ae300dd9f', 'Nenad_Livaic', 'spamster69@gmail.com', NULL, NULL, '2021-02-16 11:06:12.40174', '2021-02-16 11:06:12.401741');
INSERT INTO public."Users" ("Id", "Username", "Email", "WebsiteUrl", "AboutMe", "CreatedOn", "LastSeen") VALUES ('e56b3573-b4af-4591-be9e-f4e106a0bd22', 'User766', 'liva.spamster@gmail.com', NULL, NULL, '2021-02-16 11:09:09.789903', '2021-02-16 11:09:09.789905');
INSERT INTO public."Users" ("Id", "Username", "Email", "WebsiteUrl", "AboutMe", "CreatedOn", "LastSeen") VALUES ('6310091e-7fcc-4cc9-b6c1-7102d2a42750', 'Nenad_Livaic_Nickname', 'spamster69@gmail.com', NULL, NULL, '2021-02-16 21:08:28.337181', '2021-02-16 21:08:28.337336');
INSERT INTO public."Users" ("Id", "Username", "Email", "WebsiteUrl", "AboutMe", "CreatedOn", "LastSeen") VALUES ('9aafb10a-29b0-4367-8b0c-7b4da468cf8e', 'Nenad_Livaic_Nickname', 'spamster69@gmail.com', NULL, NULL, '2021-02-16 22:28:59.457489', '2021-02-16 22:28:59.457578');
INSERT INTO public."Users" ("Id", "Username", "Email", "WebsiteUrl", "AboutMe", "CreatedOn", "LastSeen") VALUES ('23cbf677-f5af-42a7-970b-f2525e80fa84', 'User276', 'liva.spamster@gmail.com', NULL, NULL, '2021-02-16 22:39:48.361258', '2021-02-16 22:39:48.361262');
INSERT INTO public."Users" ("Id", "Username", "Email", "WebsiteUrl", "AboutMe", "CreatedOn", "LastSeen") VALUES ('3e00e0c0-f2a7-45fb-8e3c-9ec1446842a7', 'User319', 'liva.spamster@gmail.com', NULL, NULL, '2021-02-16 22:50:39.034605', '2021-02-16 22:50:39.034606');
INSERT INTO public."Users" ("Id", "Username", "Email", "WebsiteUrl", "AboutMe", "CreatedOn", "LastSeen") VALUES ('29178075-5232-4edd-ab75-5d5f33bb29c0', 'User761', 'liva.spamster@gmail.com', NULL, NULL, '2021-02-18 20:37:00.553097', '2021-02-18 20:37:00.553099');
INSERT INTO public."Users" ("Id", "Username", "Email", "WebsiteUrl", "AboutMe", "CreatedOn", "LastSeen") VALUES ('6048c77c-10d8-41cd-88c9-5a0ae3a49c08', 'User488', 'User488.User488@User488.com', NULL, NULL, '2021-03-10 22:35:27.885658', '2021-03-10 22:35:27.885661');
INSERT INTO public."Users" ("Id", "Username", "Email", "WebsiteUrl", "AboutMe", "CreatedOn", "LastSeen") VALUES ('fe3213a8-baa8-47f4-a4e7-ccfb9a709858', 'User477', 'User477.User477@User477.com', NULL, NULL, '2021-03-10 22:36:34.156304', '2021-03-10 22:36:34.156306');

INSERT INTO public."UserRole" ("Id", "UserId", "Role") VALUES (1, 'fa11acfe-8234-4fa3-9733-19abe08f74e8', 1);
INSERT INTO public."UserRole" ("Id", "UserId", "Role") VALUES (2, '59405a18-8f1d-4ece-a4cd-ef91d5bd65ae', 1);
INSERT INTO public."UserRole" ("Id", "UserId", "Role") VALUES (3, '59405a18-8f1d-4ece-a4cd-ef91d5bd65ae', 2);
INSERT INTO public."UserRole" ("Id", "UserId", "Role") VALUES (11, '81e4f40a-7eb1-4fdb-a868-d93ef504ad21', 1);
INSERT INTO public."UserRole" ("Id", "UserId", "Role") VALUES (12, '72f6411c-8369-420b-8164-d2b81b011d33', 1);
INSERT INTO public."UserRole" ("Id", "UserId", "Role") VALUES (13, '07396bf4-ab0c-4d5e-95e6-69134211a1e7', 1);
INSERT INTO public."UserRole" ("Id", "UserId", "Role") VALUES (14, '490c8ea3-e9a9-4327-b693-ef7038bb89b3', 1);
INSERT INTO public."UserRole" ("Id", "UserId", "Role") VALUES (15, '9557db1d-17f2-45cb-9a9e-ec925bf4cf26', 1);
INSERT INTO public."UserRole" ("Id", "UserId", "Role") VALUES (16, '70333f70-75af-48b3-9fa6-4d3156a4fd60', 1);
INSERT INTO public."UserRole" ("Id", "UserId", "Role") VALUES (17, 'd75136d5-ba16-474f-8d59-3686536b1adc', 1);
INSERT INTO public."UserRole" ("Id", "UserId", "Role") VALUES (18, '94052890-2988-4c32-b3f9-75cde39e57f3', 1);
INSERT INTO public."UserRole" ("Id", "UserId", "Role") VALUES (19, 'bd891d4c-1079-4f89-a8d0-480e4a3de1b2', 1);
INSERT INTO public."UserRole" ("Id", "UserId", "Role") VALUES (20, 'e6f3caae-1727-4f99-aff9-7335b823434e', 1);
INSERT INTO public."UserRole" ("Id", "UserId", "Role") VALUES (21, 'c907c8b5-df95-4d11-81d6-a412a2a1f950', 1);
INSERT INTO public."UserRole" ("Id", "UserId", "Role") VALUES (22, 'e7ce584f-b5b6-4c02-8d4d-b2ef021acd59', 1);
INSERT INTO public."UserRole" ("Id", "UserId", "Role") VALUES (23, '80f4d863-29e7-4643-9b05-40c16b630eda', 1);
INSERT INTO public."UserRole" ("Id", "UserId", "Role") VALUES (24, '63a1018a-0a92-400d-b45c-78bace2cad42', 1);
INSERT INTO public."UserRole" ("Id", "UserId", "Role") VALUES (25, '4c02e811-5aaa-473e-a7a5-b432ef117988', 1);
INSERT INTO public."UserRole" ("Id", "UserId", "Role") VALUES (26, '91aba779-9ec2-4669-89d6-4f0ae300dd9f', 1);
INSERT INTO public."UserRole" ("Id", "UserId", "Role") VALUES (27, 'e56b3573-b4af-4591-be9e-f4e106a0bd22', 1);
INSERT INTO public."UserRole" ("Id", "UserId", "Role") VALUES (28, '6310091e-7fcc-4cc9-b6c1-7102d2a42750', 1);
INSERT INTO public."UserRole" ("Id", "UserId", "Role") VALUES (29, '9aafb10a-29b0-4367-8b0c-7b4da468cf8e', 1);
INSERT INTO public."UserRole" ("Id", "UserId", "Role") VALUES (30, '23cbf677-f5af-42a7-970b-f2525e80fa84', 1);
INSERT INTO public."UserRole" ("Id", "UserId", "Role") VALUES (31, '3e00e0c0-f2a7-45fb-8e3c-9ec1446842a7', 1);
INSERT INTO public."UserRole" ("Id", "UserId", "Role") VALUES (32, '29178075-5232-4edd-ab75-5d5f33bb29c0', 1);
INSERT INTO public."UserRole" ("Id", "UserId", "Role") VALUES (33, 'fa11acfe-8234-4fa3-9733-19abe08f74e8', 2);
INSERT INTO public."UserRole" ("Id", "UserId", "Role") VALUES (35, 'bd891d4c-1079-4f89-a8d0-480e4a3de1b2', 2);
INSERT INTO public."UserRole" ("Id", "UserId", "Role") VALUES (36, '6048c77c-10d8-41cd-88c9-5a0ae3a49c08', 1);
INSERT INTO public."UserRole" ("Id", "UserId", "Role") VALUES (37, 'fe3213a8-baa8-47f4-a4e7-ccfb9a709858', 1);

INSERT INTO public."Tags" ("Id", "Name") VALUES ('00000000-0000-0000-0000-000000000001', 'Name1');
INSERT INTO public."Tags" ("Id", "Name") VALUES ('00000000-0000-0000-0000-000000000004', 'Name4');
INSERT INTO public."Tags" ("Id", "Name") VALUES ('00000000-0000-0000-0000-000000000002', 'Name2');
INSERT INTO public."Tags" ("Id", "Name") VALUES ('00000000-0000-0000-0000-000000000003', 'Name3');
INSERT INTO public."Tags" ("Id", "Name") VALUES ('00000000-0000-0000-0000-000000000005', 'Name5');

INSERT INTO public."Questions" ("Id", "UserId", "Title", "Body", "HasAcceptedAnswer", "CreatedOn", "VotesSum") VALUES ('a3b13c3a-8e87-4295-89d4-2faf0e1f6ff7', '1e392be2-e621-4ac1-86c3-81aa7f4873ea', 'Consequuntur iusto quia in impedit quia nesciunt quasi dolor.', 'Ex est dolorem rerum. Sunt nemo non modi necessitatibus sunt. Expedita cumque nostrum optio quae nihil quidem architecto. Aut et vel ipsum maiores cupiditate. Quia maiores enim sed id amet eligendi.', false, '2020-07-06 20:29:34.082737', 0);
INSERT INTO public."Questions" ("Id", "UserId", "Title", "Body", "HasAcceptedAnswer", "CreatedOn", "VotesSum") VALUES ('d88c7e3f-9c5d-4ee7-aa69-f8eea15b82aa', '59405a18-8f1d-4ece-a4cd-ef91d5bd65ae', 'Laudantium modi eum earum velit neque.', 'Beatae repellendus non incidunt architecto dolorum distinctio laboriosam. Quia aut vero dolorem. Quis qui libero officia eius quia ullam consequatur qui. Enim aut qui in omnis. Ut qui necessitatibus sed dignissimos suscipit est libero ipsum.', true, '2020-07-06 20:29:34.066236', 0);
INSERT INTO public."Questions" ("Id", "UserId", "Title", "Body", "HasAcceptedAnswer", "CreatedOn", "VotesSum") VALUES ('78c88c09-ae86-4073-be09-b9d0ce26b586', 'b0f2361e-c512-4afa-9f1f-7be27101b170', 'Doloribus cumque molestiae iste.', 'Fugit quidem ullam laboriosam voluptates. Repellendus vel repellendus animi. Quia molestiae et asperiores velit. Illo earum vero occaecati sint iure maiores. Doloremque corporis architecto modi nostrum libero.', false, '2020-07-06 20:29:34.088234', 0);
INSERT INTO public."Questions" ("Id", "UserId", "Title", "Body", "HasAcceptedAnswer", "CreatedOn", "VotesSum") VALUES ('290c3951-2330-4b6e-b705-c717b7c69838', 'a9b8cd06-88f3-4d88-a8d2-2ae3e179e474', 'Beatae eaque incidunt et sed.', 'Et dolorum est totam excepturi. Voluptatem dolores excepturi enim recusandae a porro sed in. Quaerat asperiores laboriosam ratione qui deleniti rem eligendi. Ut quod rem nam dolorem. Molestiae itaque perferendis voluptate assumenda exercitationem explicabo.', false, '2020-07-06 20:29:34.079619', 0);
INSERT INTO public."Questions" ("Id", "UserId", "Title", "Body", "HasAcceptedAnswer", "CreatedOn", "VotesSum") VALUES ('c335e2be-175e-42ed-956a-250cc3627fbb', 'a9b8cd06-88f3-4d88-a8d2-2ae3e179e474', 'Id unde sit nesciunt enim ipsam dolorem quaerat.', 'Dolores qui ducimus fugit. Optio magni labore soluta et earum doloribus perspiciatis magnam. A dolores ut voluptatem magni veritatis non molestiae. Qui fugit exercitationem voluptatibus voluptatem nihil. Laudantium ullam minus natus rerum laudantium sed qui.', true, '2020-07-06 20:29:34.102493', 0);
INSERT INTO public."Questions" ("Id", "UserId", "Title", "Body", "HasAcceptedAnswer", "CreatedOn", "VotesSum") VALUES ('29e0e472-6ae4-4d7e-a7d3-d5b4c707908a', 'a9b8cd06-88f3-4d88-a8d2-2ae3e179e474', 'Id debitis ipsam aut at sequi sapiente et.', 'Ut facilis et veniam. Porro sit nobis veniam necessitatibus provident voluptatem eum unde. Adipisci distinctio temporibus non et quibusdam eaque. Eius asperiores veniam et reiciendis cupiditate. Temporibus quos provident nam vero quos voluptate illum soluta.', true, '2020-07-06 20:29:34.1136', 0);
INSERT INTO public."Questions" ("Id", "UserId", "Title", "Body", "HasAcceptedAnswer", "CreatedOn", "VotesSum") VALUES ('94251c04-0afc-4c47-8ef6-bf17abca7b64', 'fa11acfe-8234-4fa3-9733-19abe08f74e8', 'Nenad made this title', 'Nenad made this bodyNenad made this bodyNenad made this bodyNenad made this bodyNenad made this bodyNenad made this body', false, '2020-07-15 22:12:56.943387', 0);
INSERT INTO public."Questions" ("Id", "UserId", "Title", "Body", "HasAcceptedAnswer", "CreatedOn", "VotesSum") VALUES ('727e62f9-7b9b-423b-935c-8d0c17e38250', 'fa11acfe-8234-4fa3-9733-19abe08f74e8', 'Nenad made this title', 'Nenad made this bodyNenad made this bodyNenad made this bodyNenad made this bodyNenad made this bodyNenad made this body', false, '2020-07-15 22:17:45.838299', 0);
INSERT INTO public."Questions" ("Id", "UserId", "Title", "Body", "HasAcceptedAnswer", "CreatedOn", "VotesSum") VALUES ('39f826d8-710f-4523-9c7d-24df948a4bfa', 'fa11acfe-8234-4fa3-9733-19abe08f74e8', 'Nenad made this title', 'Nenad made this bodyNenad made this bodyNenad made this bodyNenad made this bodyNenad made this bodyNenad made this body', false, '2020-07-15 22:21:45.604786', 0);
INSERT INTO public."Questions" ("Id", "UserId", "Title", "Body", "HasAcceptedAnswer", "CreatedOn", "VotesSum") VALUES ('5714464f-943c-416e-90dc-49091eaac615', 'fa11acfe-8234-4fa3-9733-19abe08f74e8', 'Nenad made this title', 'Nenad made this bodyNenad made this bodyNenad made this bodyNenad made this bodyNenad made this bodyNenad made this body', false, '2020-07-16 20:54:03.133306', 0);
INSERT INTO public."Questions" ("Id", "UserId", "Title", "Body", "HasAcceptedAnswer", "CreatedOn", "VotesSum") VALUES ('39c7e281-0ffe-44be-b99c-0cf75ec3c9d0', 'fa11acfe-8234-4fa3-9733-19abe08f74e8', 'Nenad made this title', 'Nenad made this bodyNenad made this bodyNenad made this bodyNenad made this bodyNenad made this bodyNenad made this body', false, '2020-07-16 21:00:14.936439', 0);
INSERT INTO public."Questions" ("Id", "UserId", "Title", "Body", "HasAcceptedAnswer", "CreatedOn", "VotesSum") VALUES ('280ca9e3-433b-45d2-9a77-abbf34592b09', 'fa11acfe-8234-4fa3-9733-19abe08f74e8', 'aaaaNenad made this title', 'aaaaNenad made this bodyNenad made this bodyNenad made this bodyNenad made this bodyNenad made this bodyNenad made this body', false, '2020-07-16 21:32:37.194905', 0);
INSERT INTO public."Questions" ("Id", "UserId", "Title", "Body", "HasAcceptedAnswer", "CreatedOn", "VotesSum") VALUES ('c3657657-f8df-4e64-a84d-ce12c4d197d3', 'fa11acfe-8234-4fa3-9733-19abe08f74e8', 'Nenad made this title', 'Nenad made this bodyNenad made this bodyNenad made this bodyNenad made this bodyNenad made this bodyNenad made this body', false, '2020-07-20 19:36:31.846024', 0);
INSERT INTO public."Questions" ("Id", "UserId", "Title", "Body", "HasAcceptedAnswer", "CreatedOn", "VotesSum") VALUES ('5ed17ae1-6b4c-45df-9bcc-0281f6401aeb', 'fa11acfe-8234-4fa3-9733-19abe08f74e8', 'Nenad made this title', 'Nenad made this bodyNenad made this bodyNenad made this bodyNenad made this bodyNenad made this bodyNenad made this body', false, '2020-07-20 19:55:10.469971', 0);
INSERT INTO public."Questions" ("Id", "UserId", "Title", "Body", "HasAcceptedAnswer", "CreatedOn", "VotesSum") VALUES ('44059ba4-1797-4308-99dc-6924ca2bf676', 'fa11acfe-8234-4fa3-9733-19abe08f74e8', 'Nenad made this title7', 'Nenad made this bodyNenad made this bodyNenad made this bodyNenad made this bodyNenad made this bodyNenad made this body', false, '2020-11-20 23:38:00.586308', 0);
INSERT INTO public."Questions" ("Id", "UserId", "Title", "Body", "HasAcceptedAnswer", "CreatedOn", "VotesSum") VALUES ('683f518e-6bfc-42aa-8d13-8b72c5b0d12d', 'fa11acfe-8234-4fa3-9733-19abe08f74e8', 'Nenad made this title', 'Nenad made this bodyNenad made this bodyNenad made this bodyNenad made this bodyNenad made this bodyNenad made this body', false, '2020-07-22 19:26:05.137328', 0);
INSERT INTO public."Questions" ("Id", "UserId", "Title", "Body", "HasAcceptedAnswer", "CreatedOn", "VotesSum") VALUES ('18edcfa5-dbde-4f59-9d2c-c93e26e30ec5', 'fa11acfe-8234-4fa3-9733-19abe08f74e8', 'N', 'Nenad made this bodyNenad made this bodyNenad made this bodyNenad made this bodyNenad made this bodyNenad made this body', false, '2020-08-14 15:56:51.818637', 0);
INSERT INTO public."Questions" ("Id", "UserId", "Title", "Body", "HasAcceptedAnswer", "CreatedOn", "VotesSum") VALUES ('b169bc1a-beb2-473d-a6c1-dc920c1d6025', 'fa11acfe-8234-4fa3-9733-19abe08f74e8', 'Nenad made this title', 'Nenad made this bodyNenad made this bodyNenad made this bodyNenad made this bodyNenad made this bodyNenad made this body', false, '2020-08-15 09:30:00.495443', 0);
INSERT INTO public."Questions" ("Id", "UserId", "Title", "Body", "HasAcceptedAnswer", "CreatedOn", "VotesSum") VALUES ('11e29fc9-fea8-443a-8d30-ec669da71f8f', 'fa11acfe-8234-4fa3-9733-19abe08f74e8', 'Nenad made this title', 'Nenad made this bodyNenad made this bodyNenad made this bodyNenad made this bodyNenad made this bodyNenad made this body', false, '2020-08-15 20:25:39.182237', 0);
INSERT INTO public."Questions" ("Id", "UserId", "Title", "Body", "HasAcceptedAnswer", "CreatedOn", "VotesSum") VALUES ('b0ea6d3f-403a-4dd4-8630-6bea51b478da', 'fa11acfe-8234-4fa3-9733-19abe08f74e8', 'Nenad made this title1', 'Nenad made this bodyNenad made this bodyNenad made this bodyNenad made this bodyNenad made this bodyNenad made this body', false, '2020-11-20 23:37:43.843169', 0);
INSERT INTO public."Questions" ("Id", "UserId", "Title", "Body", "HasAcceptedAnswer", "CreatedOn", "VotesSum") VALUES ('223858f3-5a1a-42b5-843e-fc2b3008ae86', 'fa11acfe-8234-4fa3-9733-19abe08f74e8', 'Nenad made this title2', 'Nenad made this bodyNenad made this bodyNenad made this bodyNenad made this bodyNenad made this bodyNenad made this body', false, '2020-11-20 23:37:48.317095', 0);
INSERT INTO public."Questions" ("Id", "UserId", "Title", "Body", "HasAcceptedAnswer", "CreatedOn", "VotesSum") VALUES ('254d787c-7e2c-470f-8449-fc3cd21a5416', 'fa11acfe-8234-4fa3-9733-19abe08f74e8', 'Nenad made this title4', 'Nenad made this bodyNenad made this bodyNenad made this bodyNenad made this bodyNenad made this bodyNenad made this body', false, '2020-11-20 23:37:52.710129', 0);
INSERT INTO public."Questions" ("Id", "UserId", "Title", "Body", "HasAcceptedAnswer", "CreatedOn", "VotesSum") VALUES ('d5f913fa-3940-4cef-9984-df4944b7ed67', 'fa11acfe-8234-4fa3-9733-19abe08f74e8', 'Nenad made this title5', 'Nenad made this bodyNenad made this bodyNenad made this bodyNenad made this bodyNenad made this bodyNenad made this body', false, '2020-11-20 23:37:55.362139', 0);
INSERT INTO public."Questions" ("Id", "UserId", "Title", "Body", "HasAcceptedAnswer", "CreatedOn", "VotesSum") VALUES ('c9ac29eb-9ad9-4573-b891-c11bc3512995', 'fa11acfe-8234-4fa3-9733-19abe08f74e8', 'Nenad made this title6', 'Nenad made this bodyNenad made this bodyNenad made this bodyNenad made this bodyNenad made this bodyNenad made this body', false, '2020-11-20 23:37:57.864947', 0);
INSERT INTO public."Questions" ("Id", "UserId", "Title", "Body", "HasAcceptedAnswer", "CreatedOn", "VotesSum") VALUES ('97f08729-0200-44b3-9640-6c33cdb29fde', 'fa11acfe-8234-4fa3-9733-19abe08f74e8', 'Nenad made this title8', 'Nenad made this bodyNenad made this bodyNenad made this bodyNenad made this bodyNenad made this bodyNenad made this body', false, '2020-11-20 23:38:03.451616', 0);
INSERT INTO public."Questions" ("Id", "UserId", "Title", "Body", "HasAcceptedAnswer", "CreatedOn", "VotesSum") VALUES ('9864a0b2-7221-4166-b666-6599098232f4', 'fa11acfe-8234-4fa3-9733-19abe08f74e8', 'Nenad made this title9', 'Nenad made this bodyNenad made this bodyNenad made this bodyNenad made this bodyNenad made this bodyNenad made this body', false, '2020-11-20 23:38:06.862487', 0);
INSERT INTO public."Questions" ("Id", "UserId", "Title", "Body", "HasAcceptedAnswer", "CreatedOn", "VotesSum") VALUES ('e66d1480-5cdd-4707-b796-5a428b3c3794', 'fa11acfe-8234-4fa3-9733-19abe08f74e8', 'Nenad made this title10', 'Nenad made this bodyNenad made this bodyNenad made this bodyNenad made this bodyNenad made this bodyNenad made this body', false, '2020-11-20 23:38:09.996896', 0);
INSERT INTO public."Questions" ("Id", "UserId", "Title", "Body", "HasAcceptedAnswer", "CreatedOn", "VotesSum") VALUES ('796d5f98-4cf9-4944-98b9-e646058fb528', 'fa11acfe-8234-4fa3-9733-19abe08f74e8', 'Nenad made this title10', 'Nenad made this bodyNenad made this bodyNenad made this bodyNenad made this bodyNenad made this bodyNenad made this body', false, '2020-11-20 23:38:10.767676', 0);
INSERT INTO public."Questions" ("Id", "UserId", "Title", "Body", "HasAcceptedAnswer", "CreatedOn", "VotesSum") VALUES ('fabe6200-30a6-4498-865d-4f7808b795c8', 'fa11acfe-8234-4fa3-9733-19abe08f74e8', 'Nenad made this title10', 'Nenad made this bodyNenad made this bodyNenad made this bodyNenad made this bodyNenad made this bodyNenad made this body', false, '2020-11-20 23:38:11.487023', 0);
INSERT INTO public."Questions" ("Id", "UserId", "Title", "Body", "HasAcceptedAnswer", "CreatedOn", "VotesSum") VALUES ('ca829f3b-9f19-4b60-afd9-eaf40bc0db79', 'fa11acfe-8234-4fa3-9733-19abe08f74e8', 'Nenad made this title', 'Nenad made this bodyNenad made this bodyNenad made this bodyNenad made this bodyNenad made this bodyNenad made this body', true, '2020-08-16 09:04:58.650845', 0);
INSERT INTO public."Questions" ("Id", "UserId", "Title", "Body", "HasAcceptedAnswer", "CreatedOn", "VotesSum") VALUES ('966c8e83-adb7-4a0b-9643-45be17d1a533', 'fa11acfe-8234-4fa3-9733-19abe08f74e8', 'Nenad made this title10', 'Nenad made this bodyNenad made this bodyNenad made this bodyNenad made this bodyNenad made this bodyNenad made this body', false, '2020-11-20 23:38:12.151243', 0);
INSERT INTO public."Questions" ("Id", "UserId", "Title", "Body", "HasAcceptedAnswer", "CreatedOn", "VotesSum") VALUES ('122d044a-82b2-4f9c-8ff5-c1718ab3a0a7', 'fa11acfe-8234-4fa3-9733-19abe08f74e8', 'Nenad made this title10', 'Nenad made this bodyNenad made this bodyNenad made this bodyNenad made this bodyNenad made this bodyNenad made this body', false, '2020-11-20 23:38:12.588679', 0);
INSERT INTO public."Questions" ("Id", "UserId", "Title", "Body", "HasAcceptedAnswer", "CreatedOn", "VotesSum") VALUES ('92b78284-b09d-49df-95ea-b6920529fd5b', 'fa11acfe-8234-4fa3-9733-19abe08f74e8', 'Nenad made this title10', 'Nenad made this bodyNenad made this bodyNenad made this bodyNenad made this bodyNenad made this bodyNenad made this body', false, '2020-11-20 23:38:12.969235', 0);
INSERT INTO public."Questions" ("Id", "UserId", "Title", "Body", "HasAcceptedAnswer", "CreatedOn", "VotesSum") VALUES ('68789593-4f00-4018-8514-c9cfbe869578', 'fa11acfe-8234-4fa3-9733-19abe08f74e8', 'app question', 'app question - body, app question - body, app question - body, app question - body, app question - body, app question - body, app question - body, app question - body', false, '2020-11-26 00:08:55.381768', 0);
INSERT INTO public."Questions" ("Id", "UserId", "Title", "Body", "HasAcceptedAnswer", "CreatedOn", "VotesSum") VALUES ('136e5d29-99a8-4c48-97b4-e938f7522cfd', 'fa11acfe-8234-4fa3-9733-19abe08f74e8', 'app question', 'app question - body, app question - body, app question - body, app question - body, app question - body, app question - body, app question - body, app question - body', false, '2020-11-26 20:29:05.355694', 0);
INSERT INTO public."Questions" ("Id", "UserId", "Title", "Body", "HasAcceptedAnswer", "CreatedOn", "VotesSum") VALUES ('e27a97fa-08d1-41f3-a2a2-5775d0b32801', 'fa11acfe-8234-4fa3-9733-19abe08f74e8', 'React: The Big Picture', 'React: The Big Picture - body, React: The Big Picture - body, React: The Big Picture - body, React: The Big Picture - body, React: The Big Picture - body, React: The Big Picture - body, React: The Big Picture - body, ', false, '2020-11-26 20:31:04.262787', 0);
INSERT INTO public."Questions" ("Id", "UserId", "Title", "Body", "HasAcceptedAnswer", "CreatedOn", "VotesSum") VALUES ('cd92e70a-442f-41f3-a884-ccda458b3074', 'fa11acfe-8234-4fa3-9733-19abe08f74e8', 'React: The Big Picture', 'React: The Big PictureReact: The Big PictureReact: The Big PictureReact: The Big PictureReact: The Big PictureReact: The Big PictureReact: The Big Picture', false, '2020-11-26 20:39:58.44343', 0);
INSERT INTO public."Questions" ("Id", "UserId", "Title", "Body", "HasAcceptedAnswer", "CreatedOn", "VotesSum") VALUES ('10e26d10-6116-4363-ad9a-1712667a180e', 'fa11acfe-8234-4fa3-9733-19abe08f74e8', 'Senior .NET Developer', 'Senior .NET DeveloperSenior .NET DeveloperSenior .NET DeveloperSenior .NET DeveloperSenior .NET DeveloperSenior .NET Developer', false, '2020-11-26 20:41:19.731242', 0);
INSERT INTO public."Questions" ("Id", "UserId", "Title", "Body", "HasAcceptedAnswer", "CreatedOn", "VotesSum") VALUES ('51006da5-54fb-4681-a1f7-7c3edfa3eb01', 'fa11acfe-8234-4fa3-9733-19abe08f74e8', 'Securing React Apps with Auth0aaa', 'Securing React Apps with Auth0aaaSecuring React Apps with Auth0aaaSecuring React Apps with Auth0aaaSecuring React Apps with Auth0aaaSecuring React Apps with Auth0aaaSecuring React Apps with Auth0aaa', false, '2020-11-26 21:18:29.734645', 0);
INSERT INTO public."Questions" ("Id", "UserId", "Title", "Body", "HasAcceptedAnswer", "CreatedOn", "VotesSum") VALUES ('5a37c11a-6fe8-4db0-a84e-a16f71cf22b2', 'fa11acfe-8234-4fa3-9733-19abe08f74e8', 'Securing React Apps with Auth0aaa', 'Securing React Apps with Auth0aaaSecuring React Apps with Auth0aaaSecuring React Apps with Auth0aaaSecuring React Apps with Auth0aaaSecuring React Apps with Auth0aaaSecuring React Apps with Auth0aaa', false, '2020-11-26 22:02:29.232311', 0);
INSERT INTO public."Questions" ("Id", "UserId", "Title", "Body", "HasAcceptedAnswer", "CreatedOn", "VotesSum") VALUES ('19bcabc6-bb16-43b8-838c-a60d79646e65', 'fa11acfe-8234-4fa3-9733-19abe08f74e8', 'Senior .NET Developer', 'Senior .NET DeveloperSenior .NET DeveloperSenior .NET DeveloperSenior .NET DeveloperSenior .NET DeveloperSenior .NET Developer', false, '2020-11-26 22:06:50.92146', 0);
INSERT INTO public."Questions" ("Id", "UserId", "Title", "Body", "HasAcceptedAnswer", "CreatedOn", "VotesSum") VALUES ('47703bfa-9090-421e-9abd-8ccbc57d3186', 'fa11acfe-8234-4fa3-9733-19abe08f74e8', 'ooooSecuring React Apps with Auth0aaa', 'ppppSecuring React Apps with Auth0aaaSecuring React Apps with Auth0aaaSecuring React Apps with Auth0aaaSecuring React Apps with Auth0aaa', false, '2020-12-01 23:57:52.02847', 0);
INSERT INTO public."Questions" ("Id", "UserId", "Title", "Body", "HasAcceptedAnswer", "CreatedOn", "VotesSum") VALUES ('d5c04674-cc0a-4a47-bab1-cd61926c2898', 'fa11acfe-8234-4fa3-9733-19abe08f74e8', 'Securing React Apps with Auth0aaa', 'Securing ReSecuring React Apps with Auth0aaaact Apps with Auth0aaaSecuring React Apps with Auth0aaaSecuring React Apps with Auth0aaa', false, '2020-12-01 23:58:44.979732', 0);
INSERT INTO public."Questions" ("Id", "UserId", "Title", "Body", "HasAcceptedAnswer", "CreatedOn", "VotesSum") VALUES ('07aa51ac-0dfe-47a0-b535-82a750ec8e22', 'fa11acfe-8234-4fa3-9733-19abe08f74e8', 'baaaaaSecuring React Apps with Auth0aaa', 'zzzSecuring React Apps with Auth0aaaSecuring React Apps with Auth0aaaSecuring React Apps with Auth0aaaSecuring React Apps with Auth0aaaSecuring React Apps with Auth0aaa', false, '2020-11-27 22:17:47.213283', 0);
INSERT INTO public."Questions" ("Id", "UserId", "Title", "Body", "HasAcceptedAnswer", "CreatedOn", "VotesSum") VALUES ('23d234f4-55e9-44fb-a16f-5d6c4d98330c', 'fa11acfe-8234-4fa3-9733-19abe08f74e8', 'Securing React Apps with Auth0aaa', 'Securing React Apps with Auth0aaaSecuring React Apps with Auth0aaaSecuring React Apps with Auth0aaaSecuring React Apps with Auth0aaaSecuring React Apps with Auth0aaa', false, '2020-11-28 21:58:35.638414', 0);
INSERT INTO public."Questions" ("Id", "UserId", "Title", "Body", "HasAcceptedAnswer", "CreatedOn", "VotesSum") VALUES ('e6af2cb5-fdef-4fbf-8170-9c85ceac9cd6', 'fa11acfe-8234-4fa3-9733-19abe08f74e8', 'Securing React Apps with Auth0aaa', 'Securing React Apps with Auth0aaaSecuring React Apps with Auth0aaaSecuring React Apps with Auth0aaaSecuring React Apps with Auth0aaaSecuring React Apps with Auth0aaa', false, '2020-11-28 22:08:48.913829', 0);
INSERT INTO public."Questions" ("Id", "UserId", "Title", "Body", "HasAcceptedAnswer", "CreatedOn", "VotesSum") VALUES ('9decf749-1992-488f-994b-b04df637ed55', 'fa11acfe-8234-4fa3-9733-19abe08f74e8', 'Securing React Apps with Auth0aaa', 'Securing React Apps with Auth0aaaSecuring React Apps with Auth0aaaSecuring React Apps with Auth0aaaSecuring React Apps with Auth0aaa', false, '2020-11-28 22:33:35.539777', 0);
INSERT INTO public."Questions" ("Id", "UserId", "Title", "Body", "HasAcceptedAnswer", "CreatedOn", "VotesSum") VALUES ('98101e60-6a46-4c3b-bd27-6d1d310b8e93', 'fa11acfe-8234-4fa3-9733-19abe08f74e8', 'Securing React Apps with Auth0aaa', 'Securing React Apps with Auth0aaaSecuring React Apps with Auth0aaaSecuring React Apps with Auth0aaaSecuring React Apps with Auth0aaa', false, '2020-12-01 23:59:42.074039', 0);
INSERT INTO public."Questions" ("Id", "UserId", "Title", "Body", "HasAcceptedAnswer", "CreatedOn", "VotesSum") VALUES ('cfd6e9a7-af08-4c85-a07d-ff2e1559e64e', 'fa11acfe-8234-4fa3-9733-19abe08f74e8', 'xxxxNenad made this title10', 'yyyyNenad made this bodyNenad made this bodyNenad made this bodyNenad made this bodyNenad made this bodyNenad made this body', false, '2020-12-01 22:56:43.559808', 0);
INSERT INTO public."Questions" ("Id", "UserId", "Title", "Body", "HasAcceptedAnswer", "CreatedOn", "VotesSum") VALUES ('83c33b95-db4d-4c20-9d8d-b842822b58e1', 'fa11acfe-8234-4fa3-9733-19abe08f74e8', 'ttttSecuring React Apps with Auth0aaa', 'zzzzSecuring React Apps with Auth0aaaSecuring React Apps with Auth0aaaSecuring React Apps with Auth0aaaSecuring React Apps with Auth0aaa', false, '2020-12-01 23:49:00.417723', 0);
INSERT INTO public."Questions" ("Id", "UserId", "Title", "Body", "HasAcceptedAnswer", "CreatedOn", "VotesSum") VALUES ('238a6fe7-7a38-4d83-90d8-ae8ca5353d20', 'fa11acfe-8234-4fa3-9733-19abe08f74e8', 'ttttSecuring React Apps with Auth0aaa', 'zzzzSecuring React Apps with Auth0aaaSecuring React Apps with Auth0aaaSecuring React Apps with Auth0aaaSecuring React Apps with Auth0aaa', false, '2020-12-01 23:50:17.492525', 0);
INSERT INTO public."Questions" ("Id", "UserId", "Title", "Body", "HasAcceptedAnswer", "CreatedOn", "VotesSum") VALUES ('9ac7241c-f06a-4596-bd5e-bc3ef70fe2c8', 'fa11acfe-8234-4fa3-9733-19abe08f74e8', 'ttttSecuring React Apps with Auth0aaa', 'zzzzSecuring React Apps with Auth0aaaSecuring React Apps with Auth0aaaSecuring React Apps with Auth0aaaSecuring React Apps with Auth0aaa', false, '2020-12-01 23:52:00.007469', 0);
INSERT INTO public."Questions" ("Id", "UserId", "Title", "Body", "HasAcceptedAnswer", "CreatedOn", "VotesSum") VALUES ('c5ffb43e-fd6a-4376-a5c0-a22cc2dfa8f4', 'fa11acfe-8234-4fa3-9733-19abe08f74e8', 'ppppSecuring React Apps with Auth0aaa', 'ttttSecuring React Apps with Auth0aaaSecuring React Apps with Auth0aaaSecuring React Apps with Auth0aaaSecuring React Apps with Auth0aaa', false, '2020-12-02 20:02:52.876459', 0);
INSERT INTO public."Questions" ("Id", "UserId", "Title", "Body", "HasAcceptedAnswer", "CreatedOn", "VotesSum") VALUES ('776cf2e9-82d2-49bc-b812-8e84f156a477', 'fa11acfe-8234-4fa3-9733-19abe08f74e8', 'Securing React Apps with Auth0aaa', 'Securing React Apps with Auth0aaaSecuring React Apps with Auth0aaaSecuring React Apps with Auth0aaaSecuring React Apps with Auth0aaaSecuring React Apps with Auth0aaa', false, '2020-12-02 20:04:24.424532', 0);
INSERT INTO public."Questions" ("Id", "UserId", "Title", "Body", "HasAcceptedAnswer", "CreatedOn", "VotesSum") VALUES ('2429f143-09e0-4e47-9395-271b759d00a7', 'fa11acfe-8234-4fa3-9733-19abe08f74e8', 'Securing React Apps with Auth0aaa', 'Securing React Apps with Auth0aaaSecuring React Apps with Auth0aaaSecuring React Apps with Auth0aaaSecuring React Apps with Auth0aaa', false, '2020-12-02 20:07:41.160986', 0);
INSERT INTO public."Questions" ("Id", "UserId", "Title", "Body", "HasAcceptedAnswer", "CreatedOn", "VotesSum") VALUES ('da8cd186-dc1f-4e2d-90ec-80df275dcb57', 'fa11acfe-8234-4fa3-9733-19abe08f74e8', 'Securing React Apps with Auth0aaa', 'Securing React Apps with Auth0aaaSecuring React Apps with Auth0aaaSecuring React Apps with Auth0aaaSecuring React Apps with Auth0aaa', false, '2020-12-02 20:09:42.42741', 0);
INSERT INTO public."Questions" ("Id", "UserId", "Title", "Body", "HasAcceptedAnswer", "CreatedOn", "VotesSum") VALUES ('d65ee3b1-9c9d-46eb-b714-16cb7f0952c7', 'fa11acfe-8234-4fa3-9733-19abe08f74e8', 'Securing React Apps with Auth0aaa', 'Securing React Apps with Auth0aaaSecuring React Apps with Auth0aaaSecuring React Apps with Auth0aaaSecuring React Apps with Auth0aaa', false, '2020-12-02 21:00:25.441612', 0);
INSERT INTO public."Questions" ("Id", "UserId", "Title", "Body", "HasAcceptedAnswer", "CreatedOn", "VotesSum") VALUES ('2b82a4e0-a555-4b52-a695-83e2531f164f', 'fa11acfe-8234-4fa3-9733-19abe08f74e8', 'Securing React Apps with Auth0aaa', 'Securing React Apps with Auth0aaaSecuring React Apps with Auth0aaaSecuring React Apps with Auth0aaaSecuring React Apps with Auth0aaa', false, '2020-12-02 21:02:35.738377', 0);
INSERT INTO public."Questions" ("Id", "UserId", "Title", "Body", "HasAcceptedAnswer", "CreatedOn", "VotesSum") VALUES ('76391a67-dd15-42f3-844c-8a500957df47', 'fa11acfe-8234-4fa3-9733-19abe08f74e8', 'Securing React Apps with Auth0aaa', 'Securing React Apps with Auth0aaaSecuring React Apps with Auth0aaaSecuring React Apps with Auth0aaaSecuring React Apps with Auth0aaa', false, '2020-12-02 21:05:09.820015', 0);
INSERT INTO public."Questions" ("Id", "UserId", "Title", "Body", "HasAcceptedAnswer", "CreatedOn", "VotesSum") VALUES ('f4e34409-5c19-42ea-a5bb-f6b4650f8963', 'fa11acfe-8234-4fa3-9733-19abe08f74e8', 'Securing React Apps with Auth0aaa', 'Securing React Apps with Auth0aaaSecuring React Apps with Auth0aaaSecuring React Apps with Auth0aaaSecuring React Apps with Auth0aaa', false, '2020-12-02 21:14:40.26995', 0);
INSERT INTO public."Questions" ("Id", "UserId", "Title", "Body", "HasAcceptedAnswer", "CreatedOn", "VotesSum") VALUES ('3d48226f-c66e-4196-9ad4-9966fc598c62', 'fa11acfe-8234-4fa3-9733-19abe08f74e8', 'Securing React Apps with Auth0aaa', 'Securing React Apps with Auth0aaaSecuring React Apps with Auth0aaaSecuring React Apps with Auth0aaaSecuring React Apps with Auth0aaa', false, '2020-12-02 21:20:29.034166', 0);
INSERT INTO public."Questions" ("Id", "UserId", "Title", "Body", "HasAcceptedAnswer", "CreatedOn", "VotesSum") VALUES ('62f7bdd9-4212-46bf-92cd-fd0c3bd356ad', 'fa11acfe-8234-4fa3-9733-19abe08f74e8', 'Securing React Apps with Auth0aaa', 'Securing React Apps with Auth0aaaSecuring React Apps with Auth0aaaSecuring React Apps with Auth0aaaSecuring React Apps with Auth0aaa', false, '2020-12-02 21:25:22.944948', 0);
INSERT INTO public."Questions" ("Id", "UserId", "Title", "Body", "HasAcceptedAnswer", "CreatedOn", "VotesSum") VALUES ('d4bdfc8a-29b0-4860-946b-da53d4fd076c', 'fa11acfe-8234-4fa3-9733-19abe08f74e8', 'Securing React Apps with Auth0aaa', 'Securing React Apps with Auth0aaaSecuring React Apps with Auth0aaaSecuring React Apps with Auth0aaaSecuring React Apps with Auth0aaa', false, '2020-12-02 21:35:48.200431', 0);
INSERT INTO public."Questions" ("Id", "UserId", "Title", "Body", "HasAcceptedAnswer", "CreatedOn", "VotesSum") VALUES ('fcfd707b-a0c8-4244-9780-d391151d1d13', 'fa11acfe-8234-4fa3-9733-19abe08f74e8', 'Securing React Apps with Auth0aaa', 'Securing React Apps with Auth0aaaSecuring React Apps with Auth0aaaSecuring React Apps with Auth0aaaSecuring React Apps with Auth0aaa', false, '2020-12-02 21:53:46.974515', 0);
INSERT INTO public."Questions" ("Id", "UserId", "Title", "Body", "HasAcceptedAnswer", "CreatedOn", "VotesSum") VALUES ('89f684b4-2e44-42bc-a4a5-5dced2be8e10', 'fa11acfe-8234-4fa3-9733-19abe08f74e8', 'Securing React Apps with Auth0aaa', 'Securing React Apps with Auth0aaaSecuring React Apps with Auth0aaaSecuring React Apps with Auth0aaaSecuring React Apps with Auth0aaa', false, '2020-12-02 21:56:13.193973', 0);
INSERT INTO public."Questions" ("Id", "UserId", "Title", "Body", "HasAcceptedAnswer", "CreatedOn", "VotesSum") VALUES ('fbb0a620-453d-408b-bbd4-184e1a7f52e0', 'fa11acfe-8234-4fa3-9733-19abe08f74e8', 'Securing React Apps with Auth0aaa', 'Securing React Apps with Auth0aaaSecuring React Apps with Auth0aaaSecuring React Apps with Auth0aaaSecuring React Apps with Auth0aaa', false, '2020-12-02 22:13:18.206135', 0);
INSERT INTO public."Questions" ("Id", "UserId", "Title", "Body", "HasAcceptedAnswer", "CreatedOn", "VotesSum") VALUES ('04fa2489-a5f1-4f1a-a1dc-f8766cf692fe', 'fa11acfe-8234-4fa3-9733-19abe08f74e8', 'Securing React Apps with Auth0aaa', 'Securing React Apps with Auth0aaaSecuring React Apps with Auth0aaaSecuring React Apps with Auth0aaaSecuring React Apps with Auth0aaa', false, '2020-12-02 22:15:53.93166', 0);
INSERT INTO public."Questions" ("Id", "UserId", "Title", "Body", "HasAcceptedAnswer", "CreatedOn", "VotesSum") VALUES ('5fd1e8b2-0836-41b4-a998-16ed6c510c8d', 'fa11acfe-8234-4fa3-9733-19abe08f74e8', 'Securing React Apps with Auth0aaa', 'Securing React Apps with Auth0aaaSecuring React Apps with Auth0aaaSecuring React Apps with Auth0aaaSecuring React Apps with Auth0aaa', false, '2020-12-02 22:16:13.012036', 0);
INSERT INTO public."Questions" ("Id", "UserId", "Title", "Body", "HasAcceptedAnswer", "CreatedOn", "VotesSum") VALUES ('3a3720a6-54e1-4c24-b722-f5e76bfd26e5', 'fa11acfe-8234-4fa3-9733-19abe08f74e8', 'Securing React Apps with Auth0aaa', 'Securing React Apps with Auth0aaaSecuring React Apps with Auth0aaaSecuring React Apps with Auth0aaaSecuring React Apps with Auth0aaa', false, '2020-12-02 22:16:55.530744', 0);
INSERT INTO public."Questions" ("Id", "UserId", "Title", "Body", "HasAcceptedAnswer", "CreatedOn", "VotesSum") VALUES ('add05009-d943-447d-8e86-b73237757484', 'fa11acfe-8234-4fa3-9733-19abe08f74e8', 'Senior .NET Developer', 'Senior .NET DeveloperSenior .NET DeveloperSenior .NET DeveloperSenior .NET DeveloperSenior .NET DeveloperSenior .NET Developer', false, '2020-12-02 22:17:06.077357', 0);
INSERT INTO public."Questions" ("Id", "UserId", "Title", "Body", "HasAcceptedAnswer", "CreatedOn", "VotesSum") VALUES ('744d461c-39d3-4237-80f9-c4e5dd08cfeb', 'fa11acfe-8234-4fa3-9733-19abe08f74e8', 'Senior .NET Developer', 'Securing React Apps with Auth0aaaSecuring React Apps with Auth0aaaSecuring React Apps with Auth0aaaSecuring React Apps with Auth0aaa', false, '2020-12-02 22:19:17.429468', 0);
INSERT INTO public."Questions" ("Id", "UserId", "Title", "Body", "HasAcceptedAnswer", "CreatedOn", "VotesSum") VALUES ('bc51f971-4c15-41db-bd93-e477b5940294', 'fa11acfe-8234-4fa3-9733-19abe08f74e8', 'React: The Big Picture', 'Securing React Apps with Auth0aaaSecuring React Apps with Auth0aaaSecuring React Apps with Auth0aaaSecuring React Apps with Auth0aaa', false, '2020-12-02 22:19:30.406769', 0);
INSERT INTO public."Questions" ("Id", "UserId", "Title", "Body", "HasAcceptedAnswer", "CreatedOn", "VotesSum") VALUES ('b7d9933e-c0f5-4867-8fa8-ad24a7fe153e', 'fa11acfe-8234-4fa3-9733-19abe08f74e8', 'Securing React Apps with Auth0aaa', 'Securing React Apps with Auth0aaaSecuring React Apps with Auth0aaaSecuring React Apps with Auth0aaaSecuring React Apps with Auth0aaa', false, '2020-12-02 22:42:54.707043', 0);
INSERT INTO public."Questions" ("Id", "UserId", "Title", "Body", "HasAcceptedAnswer", "CreatedOn", "VotesSum") VALUES ('c4feb4dd-4261-49a8-b7ef-fc74c3b8527d', 'fa11acfe-8234-4fa3-9733-19abe08f74e8', 'Senior .NET Developer', 'Securing React Apps with Auth0aaaSecuring React Apps with Auth0aaaSecuring React Apps with Auth0aaaSecuring React Apps with Auth0aaa', false, '2020-12-02 22:43:02.386485', 0);
INSERT INTO public."Questions" ("Id", "UserId", "Title", "Body", "HasAcceptedAnswer", "CreatedOn", "VotesSum") VALUES ('2bbc3533-4be1-4a83-9577-3699f094fc2a', 'fa11acfe-8234-4fa3-9733-19abe08f74e8', 'Securing React Apps with Auth0aaa', 'Securing React Apps with Auth0aaaSecuring React Apps with Auth0aaaSecuring React Apps with Auth0aaaSecuring React Apps with Auth0aaa', false, '2020-12-04 21:57:28.12514', 0);
INSERT INTO public."Questions" ("Id", "UserId", "Title", "Body", "HasAcceptedAnswer", "CreatedOn", "VotesSum") VALUES ('7d6e6a1e-375c-4727-a8f2-365c3e1e0f63', 'fa11acfe-8234-4fa3-9733-19abe08f74e8', 'Securing React Apps with Auth0aaa', 'Securing React Apps with Auth0aaaSecuring React Apps with Auth0aaaSecuring React Apps with Auth0aaaSecuring React Apps with Auth0aaa', false, '2020-12-04 22:00:09.478996', 0);
INSERT INTO public."Questions" ("Id", "UserId", "Title", "Body", "HasAcceptedAnswer", "CreatedOn", "VotesSum") VALUES ('1bb09f0d-fc1d-4b41-800f-3de3c47c1ead', 'fa11acfe-8234-4fa3-9733-19abe08f74e8', 'Securing React Apps with Auth0aaa', 'Securing React Apps with Auth0aaaSecuring React Apps with Auth0aaaSecuring React Apps with Auth0aaaSecuring React Apps with Auth0aaa', false, '2020-12-04 22:26:38.175273', 0);
INSERT INTO public."Questions" ("Id", "UserId", "Title", "Body", "HasAcceptedAnswer", "CreatedOn", "VotesSum") VALUES ('f402e56d-76a6-418e-95a4-e8b0ccd4f5d5', 'fa11acfe-8234-4fa3-9733-19abe08f74e8', 'React: The Big Picture', 'Securing React Apps with Auth0aaaSecuring React Apps with Auth0aaaSecuring React Apps with Auth0aaaSecuring React Apps with Auth0aaa', false, '2020-12-04 22:28:06.460533', 0);
INSERT INTO public."Questions" ("Id", "UserId", "Title", "Body", "HasAcceptedAnswer", "CreatedOn", "VotesSum") VALUES ('dec9f6f0-4991-4888-aed3-8d58ee1d10fb', 'fa11acfe-8234-4fa3-9733-19abe08f74e8', 'tackling complexity in the heart of software', 'tackling complexity in the heart of softwaretackling complexity in the heart of softwaretackling complexity in the heart of softwaretackling complexity in the heart of software', false, '2020-12-04 23:13:41.660128', 0);
INSERT INTO public."Questions" ("Id", "UserId", "Title", "Body", "HasAcceptedAnswer", "CreatedOn", "VotesSum") VALUES ('b3aba411-fb7b-40a0-ae48-f5c2c4f90452', 'fa11acfe-8234-4fa3-9733-19abe08f74e8', 'tackling complexity in the heart of software', 'tackling complexity in the heart of softwaretackling complexity in the heart of softwaretackling complexity in the heart of softwaretackling complexity in the heart of software', false, '2020-12-04 23:22:24.524617', 0);
INSERT INTO public."Questions" ("Id", "UserId", "Title", "Body", "HasAcceptedAnswer", "CreatedOn", "VotesSum") VALUES ('9bd2c215-ebfa-4119-8569-81f487be484e', 'fa11acfe-8234-4fa3-9733-19abe08f74e8', 'Securing React Apps with Auth0aaatackling complexity in the heart of software', 'tackling complexity in the heart of softwareSecuring React Apps with Auth0aaaSecuring React Apps with Auth0aaaSecuring React Apps with Auth0aaaSecuring React Apps with Auth0aaa', false, '2020-12-04 23:22:54.083488', 0);
INSERT INTO public."Questions" ("Id", "UserId", "Title", "Body", "HasAcceptedAnswer", "CreatedOn", "VotesSum") VALUES ('8df12303-3d47-4b28-b64c-5477745a0296', 'fa11acfe-8234-4fa3-9733-19abe08f74e8', 'Securing React Apps with Auth0aaa', 'Securing React Apps with Auth0aaaSecuring React Apps with Auth0aaaSecuring React Apps with Auth0aaaSecuring React Apps with Auth0aaa', false, '2020-12-05 22:18:56.742609', 0);
INSERT INTO public."Questions" ("Id", "UserId", "Title", "Body", "HasAcceptedAnswer", "CreatedOn", "VotesSum") VALUES ('062f1b20-f059-45dc-9078-a20315ad7766', 'fa11acfe-8234-4fa3-9733-19abe08f74e8', 'aaaaNenad made this title', 'aaaaNenad made this bodyNenad made this bodyNenad made this bodyNenad made this bodyNenad made this bodyNenad made this body', false, '2020-12-07 21:35:45.837566', 0);
INSERT INTO public."Questions" ("Id", "UserId", "Title", "Body", "HasAcceptedAnswer", "CreatedOn", "VotesSum") VALUES ('c96026cb-3de2-4889-8e0c-759717ceb031', 'fa11acfe-8234-4fa3-9733-19abe08f74e8', 'aaaa', 'Securing React Apps with Auth0aaaSecuring React Apps with Auth0aaaSecuring React Apps with Auth0aaaSecuring React Apps with Auth0aaa', false, '2020-12-08 21:05:41.132057', 0);
INSERT INTO public."Questions" ("Id", "UserId", "Title", "Body", "HasAcceptedAnswer", "CreatedOn", "VotesSum") VALUES ('489254e8-43d9-4475-b940-ce00905e9bab', 'fa11acfe-8234-4fa3-9733-19abe08f74e8', 'Securing React Apps with Auth0aaa', 'Securing React Apps with Auth0aaaSecuring React Apps with Auth0aaaSecuring React Apps with Auth0aaaSecuring React Apps with Auth0aaa', false, '2020-12-08 21:06:28.82467', 0);
INSERT INTO public."Questions" ("Id", "UserId", "Title", "Body", "HasAcceptedAnswer", "CreatedOn", "VotesSum") VALUES ('7d7d22c3-5a35-4433-9dfd-84aa7f37c9d3', 'fa11acfe-8234-4fa3-9733-19abe08f74e8', 'Securing React Apps with Auth0aaa', 'Securing React Apps with Auth0aaaSecuring React Apps with Auth0aaaSecuring React Apps with Auth0aaaSecuring React Apps with Auth0aaa', false, '2020-12-10 20:32:09.154654', 0);
INSERT INTO public."Questions" ("Id", "UserId", "Title", "Body", "HasAcceptedAnswer", "CreatedOn", "VotesSum") VALUES ('c7db861d-d86f-427e-9476-1e1b7ae126ed', 'fa11acfe-8234-4fa3-9733-19abe08f74e8', 'wwwwwwwwwwwwSecuring React Apps with Auth0aaa', 'wwwSecuring React Apps with Auth0aaaSecuring React Apps with Auth0aaaSecuring React Apps with Auth0aaaSecuring React Apps with Auth0aaa', true, '2020-12-10 21:39:02.81922', 0);
INSERT INTO public."Questions" ("Id", "UserId", "Title", "Body", "HasAcceptedAnswer", "CreatedOn", "VotesSum") VALUES ('bf5d65e2-9a01-41e6-8e17-5d6138ca3014', 'fa11acfe-8234-4fa3-9733-19abe08f74e8', 'Securing React Apps with Auth0aaa', 'Securing React Apps with Auth0aaaSecuring React Apps with Auth0aaaSecuring React Apps with Auth0aaaSecuring React Apps with Auth0aaa', true, '2020-12-10 21:41:56.611037', 0);
INSERT INTO public."Questions" ("Id", "UserId", "Title", "Body", "HasAcceptedAnswer", "CreatedOn", "VotesSum") VALUES ('286f31cb-80d7-4f7b-85eb-cfd6b88b408e', 'fa11acfe-8234-4fa3-9733-19abe08f74e8', 'Securing React Apps with Auth0aaa', 'Securing React Apps with Auth0aaaSecuring React Apps with Auth0aaaSecuring React Apps with Auth0aaaSecuring React Apps with Auth0aaa', true, '2020-12-10 21:43:42.608349', 0);
INSERT INTO public."Questions" ("Id", "UserId", "Title", "Body", "HasAcceptedAnswer", "CreatedOn", "VotesSum") VALUES ('93b06cfc-6e4e-4dc9-9558-ae485b2e841d', 'fa11acfe-8234-4fa3-9733-19abe08f74e8', 'Securing React Apps with Auth0aaa', 'Securing React Apps with Auth0aaaSecuring React Apps with Auth0aaaSecuring React Apps with Auth0aaaSecuring React Apps with Auth0aaa', false, '2020-12-10 21:47:00.712738', 0);
INSERT INTO public."Questions" ("Id", "UserId", "Title", "Body", "HasAcceptedAnswer", "CreatedOn", "VotesSum") VALUES ('002b0832-6fd6-4ffd-88dd-125232828ce8', 'fa11acfe-8234-4fa3-9733-19abe08f74e8', 'Securing React Apps with Auth0aaa', 'Securing React Apps with Auth0aaaSecuring React Apps with Auth0aaaSecuring React Apps with Auth0aaaSecuring React Apps with Auth0aaa', true, '2020-12-10 22:02:55.469453', 0);
INSERT INTO public."Questions" ("Id", "UserId", "Title", "Body", "HasAcceptedAnswer", "CreatedOn", "VotesSum") VALUES ('a8c8475e-832c-4a5c-a995-0fc3884c9ef6', 'fa11acfe-8234-4fa3-9733-19abe08f74e8', 'Securing React Apps with Auth0aaa', 'Securing React Apps with Auth0aaaSecuring React Apps with Auth0aaaSecuring React Apps with Auth0aaaSecuring React Apps with Auth0aaa', true, '2020-12-10 22:04:40.522295', 0);
INSERT INTO public."Questions" ("Id", "UserId", "Title", "Body", "HasAcceptedAnswer", "CreatedOn", "VotesSum") VALUES ('0002f834-bf18-41eb-a6db-19745660e764', 'fa11acfe-8234-4fa3-9733-19abe08f74e8', 'Securing React Apps with Auth0aaa', 'Securing React Apps with Auth0aaaSecuring React Apps with Auth0aaaSecuring React Apps with Auth0aaaSecuring React Apps with Auth0aaa', true, '2020-12-04 22:01:59.284443', 0);
INSERT INTO public."Questions" ("Id", "UserId", "Title", "Body", "HasAcceptedAnswer", "CreatedOn", "VotesSum") VALUES ('d0baefb9-397a-4d3c-a8db-2cf67ede3174', 'fa11acfe-8234-4fa3-9733-19abe08f74e8', 'Ratione doloribus officiis corrupti ullam qui.', 'Quam pariatur sunt exercitationem consectetur occaecati. Asperiores id maiores consequatur rem commodi tempore. Inventore corporis numquam esse delectus doloremque adipisci. Dolorem rerum corrupti architecto omnis. Occaecati est quas facere necessitatibus officia quaerat recusandae.', true, '2020-07-06 20:29:34.095345', 0);
INSERT INTO public."Questions" ("Id", "UserId", "Title", "Body", "HasAcceptedAnswer", "CreatedOn", "VotesSum") VALUES ('99fa9541-3e0d-47b9-9065-2b58c4c1ea66', 'fa11acfe-8234-4fa3-9733-19abe08f74e8', 'Securing React Apps with Auth0aaa', 'Securing React Apps with Auth0aaaSecuring React Apps with Auth0aaaSecuring React Apps with Auth0aaaSecuring React Apps with Auth0aaa', false, '2021-01-11 22:56:42.165664', 0);
INSERT INTO public."Questions" ("Id", "UserId", "Title", "Body", "HasAcceptedAnswer", "CreatedOn", "VotesSum") VALUES ('2a5da4a5-74b1-4d7b-8ded-4e65b334ebd3', 'fa11acfe-8234-4fa3-9733-19abe08f74e8', 'asdasdaSecuring React Apps with Auth0aaa', 'aaaaSecuring React Apps with Auth0aaaSecuring React Apps with Auth0aaaSecuring React Apps with Auth0aaaSecuring React Apps with Auth0aaa', false, '2020-12-12 23:15:17.386113', 0);
INSERT INTO public."Questions" ("Id", "UserId", "Title", "Body", "HasAcceptedAnswer", "CreatedOn", "VotesSum") VALUES ('0bd0fffe-04c5-416a-bcd0-8e33175bcfe2', 'fa11acfe-8234-4fa3-9733-19abe08f74e8', 'Securing React Apps with Auth0aaa', 'Securing React Apps with Auth0aaaSecuring React Apps with Auth0aaaSecuring React Apps with Auth0aaaSecuring React Apps with Auth0aaa', false, '2021-01-12 21:22:16.665942', 0);
INSERT INTO public."Questions" ("Id", "UserId", "Title", "Body", "HasAcceptedAnswer", "CreatedOn", "VotesSum") VALUES ('14dd2855-843e-4355-bb29-d0f1f1881f4d', 'fa11acfe-8234-4fa3-9733-19abe08f74e8', 'Securing React Apps with Auth0aaa', 'Securing React Apps with Auth0aaaSecuring React Apps with Auth0aaaSecuring React Apps with Auth0aaaSecuring React Apps with Auth0aaa', false, '2021-01-12 21:29:55.495918', 0);
INSERT INTO public."Questions" ("Id", "UserId", "Title", "Body", "HasAcceptedAnswer", "CreatedOn", "VotesSum") VALUES ('c86a6287-96b3-4ad6-9cc1-a4066bcd9d70', 'fa11acfe-8234-4fa3-9733-19abe08f74e8', 'aaaaSecuring React Apps with Auth0aaa', 'ssssssssSecuring React Apps with Auth0aaaSecuring React Apps with Auth0aaaSecuring React Apps with Auth0aaaSecuring React Apps with Auth0aaa', false, '2020-12-17 21:49:35.437346', 0);
INSERT INTO public."Questions" ("Id", "UserId", "Title", "Body", "HasAcceptedAnswer", "CreatedOn", "VotesSum") VALUES ('998dc567-badc-424c-820d-9983d5a005c3', 'fa11acfe-8234-4fa3-9733-19abe08f74e8', 'Securing React Apps with Auth0aaa', 'Securing React Apps with Auth0aaaSecuring React Apps with Auth0aaaSecuring React Apps with Auth0aaaSecuring React Apps with Auth0aaa', false, '2021-01-12 22:43:34.748647', 0);
INSERT INTO public."Questions" ("Id", "UserId", "Title", "Body", "HasAcceptedAnswer", "CreatedOn", "VotesSum") VALUES ('870a02c4-37c1-464e-847b-bf7164172cc6', 'fa11acfe-8234-4fa3-9733-19abe08f74e8', 'Securing React Apps with Auth0aaa', 'Securing React Apps with Auth0aaaSecuring React Apps with Auth0aaaSecuring React Apps with Auth0aaaSecuring React Apps with Auth0aaa', false, '2021-01-12 22:48:19.063222', 0);
INSERT INTO public."Questions" ("Id", "UserId", "Title", "Body", "HasAcceptedAnswer", "CreatedOn", "VotesSum") VALUES ('2e5878a6-5368-42cd-a95a-27649dbc61c1', 'fa11acfe-8234-4fa3-9733-19abe08f74e8', 'Securing React Apps with Auth0aaa', 'Securing React Apps with Auth0aaaSecuring React Apps with Auth0aaaSecuring React Apps with Auth0aaaSecuring React Apps with Auth0aaa', false, '2020-12-22 22:22:15.631075', 0);
INSERT INTO public."Questions" ("Id", "UserId", "Title", "Body", "HasAcceptedAnswer", "CreatedOn", "VotesSum") VALUES ('5f3ff46f-334d-46e9-ba35-fb2368ea5e23', 'fa11acfe-8234-4fa3-9733-19abe08f74e8', 'Securing React Apps with Auth0aaa', 'Securing React Apps with Auth0aaaSecuring React Apps with Auth0aaaSecuring React Apps with Auth0aaaSecuring React Apps with Auth0aaa', false, '2021-01-10 22:52:01.446332', 0);
INSERT INTO public."Questions" ("Id", "UserId", "Title", "Body", "HasAcceptedAnswer", "CreatedOn", "VotesSum") VALUES ('18b4d7ce-69e0-4a7c-8889-b96bcf729c7a', 'fa11acfe-8234-4fa3-9733-19abe08f74e8', 'Securing React Apps with Auth0aaa', 'Securing React Apps with Auth0aaaSecuring React Apps with Auth0aaaSecuring React Apps with Auth0aaaSecuring React Apps with Auth0aaa', false, '2021-01-11 22:01:07.373337', 0);
INSERT INTO public."Questions" ("Id", "UserId", "Title", "Body", "HasAcceptedAnswer", "CreatedOn", "VotesSum") VALUES ('142af290-e7cb-47f1-a8fe-4f51ddef98b3', 'fa11acfe-8234-4fa3-9733-19abe08f74e8', 'Nenad made this title10', 'Nenad made this bodyNenad made this bodyNenad made this bodyNenad made this bodyNenad made this bodyNenad made this body', false, '2021-01-30 23:04:37.52585', 0);
INSERT INTO public."Questions" ("Id", "UserId", "Title", "Body", "HasAcceptedAnswer", "CreatedOn", "VotesSum") VALUES ('64bbfff5-bf90-453d-a50f-f2c56a3ca918', 'fa11acfe-8234-4fa3-9733-19abe08f74e8', 'Securing React Apps with Auth0aaa', 'Securing React Apps with Auth0aaaSecuring React Apps with Auth0aaaSecuring React Apps with Auth0aaaSecuring React Apps with Auth0aaa', false, '2021-01-31 11:37:25.59056', 0);
INSERT INTO public."Questions" ("Id", "UserId", "Title", "Body", "HasAcceptedAnswer", "CreatedOn", "VotesSum") VALUES ('3355d0bb-fb4a-48bd-80b5-7af06f09e987', 'fa11acfe-8234-4fa3-9733-19abe08f74e8', 'Nenad made this title10', 'Nenad made this bodyNenad made this bodyNenad made this bodyNenad made this bodyNenad made this bodyNenad made this body', false, '2021-02-01 22:20:13.49614', 0);
INSERT INTO public."Questions" ("Id", "UserId", "Title", "Body", "HasAcceptedAnswer", "CreatedOn", "VotesSum") VALUES ('acc54d41-d1b8-4f30-8c4e-687a4980283c', 'fa11acfe-8234-4fa3-9733-19abe08f74e8', 'Securing React Apps with Auth0aaa', 'Securing React Apps with Auth0aaaSecuring React Apps with Auth0aaaSecuring React Apps with Auth0aaaSecuring React Apps with Auth0aaa', false, '2021-02-02 22:17:05.653764', 0);
INSERT INTO public."Questions" ("Id", "UserId", "Title", "Body", "HasAcceptedAnswer", "CreatedOn", "VotesSum") VALUES ('6efd0a39-0a85-47f8-b7d3-3cb337e4d194', '9aafb10a-29b0-4367-8b0c-7b4da468cf8e', 'Securing React Apps with Auth0aaa', 'Securing React Apps with Auth0aaaSecuring React Apps with Auth0aaaSecuring React Apps with Auth0aaaSecuring React Apps with Auth0aaa', true, '2021-02-22 21:35:26.155009', 0);
INSERT INTO public."Questions" ("Id", "UserId", "Title", "Body", "HasAcceptedAnswer", "CreatedOn", "VotesSum") VALUES ('c5cc4001-e1d9-43bd-a24c-8233c3c90738', 'bd891d4c-1079-4f89-a8d0-480e4a3de1b2', 'Securing React Apps with Auth0aaa', 'Securing React Apps with Auth0aaaSecuring React Apps with Auth0aaaSecuring React Apps with Auth0aaaSecuring React Apps with Auth0aaa', true, '2021-02-11 10:01:06.725433', 0);

INSERT INTO public."QuestionTags" ("QuestionId", "TagId") VALUES ('29e0e472-6ae4-4d7e-a7d3-d5b4c707908a', '00000000-0000-0000-0000-000000000003');
INSERT INTO public."QuestionTags" ("QuestionId", "TagId") VALUES ('a3b13c3a-8e87-4295-89d4-2faf0e1f6ff7', '00000000-0000-0000-0000-000000000001');
INSERT INTO public."QuestionTags" ("QuestionId", "TagId") VALUES ('c335e2be-175e-42ed-956a-250cc3627fbb', '00000000-0000-0000-0000-000000000003');
INSERT INTO public."QuestionTags" ("QuestionId", "TagId") VALUES ('d88c7e3f-9c5d-4ee7-aa69-f8eea15b82aa', '00000000-0000-0000-0000-000000000001');
INSERT INTO public."QuestionTags" ("QuestionId", "TagId") VALUES ('d88c7e3f-9c5d-4ee7-aa69-f8eea15b82aa', '00000000-0000-0000-0000-000000000004');
INSERT INTO public."QuestionTags" ("QuestionId", "TagId") VALUES ('78c88c09-ae86-4073-be09-b9d0ce26b586', '00000000-0000-0000-0000-000000000001');
INSERT INTO public."QuestionTags" ("QuestionId", "TagId") VALUES ('78c88c09-ae86-4073-be09-b9d0ce26b586', '00000000-0000-0000-0000-000000000004');
INSERT INTO public."QuestionTags" ("QuestionId", "TagId") VALUES ('78c88c09-ae86-4073-be09-b9d0ce26b586', '00000000-0000-0000-0000-000000000005');
INSERT INTO public."QuestionTags" ("QuestionId", "TagId") VALUES ('290c3951-2330-4b6e-b705-c717b7c69838', '00000000-0000-0000-0000-000000000002');
INSERT INTO public."QuestionTags" ("QuestionId", "TagId") VALUES ('290c3951-2330-4b6e-b705-c717b7c69838', '00000000-0000-0000-0000-000000000003');
INSERT INTO public."QuestionTags" ("QuestionId", "TagId") VALUES ('29e0e472-6ae4-4d7e-a7d3-d5b4c707908a', '00000000-0000-0000-0000-000000000004');
INSERT INTO public."QuestionTags" ("QuestionId", "TagId") VALUES ('a3b13c3a-8e87-4295-89d4-2faf0e1f6ff7', '00000000-0000-0000-0000-000000000003');
INSERT INTO public."QuestionTags" ("QuestionId", "TagId") VALUES ('a3b13c3a-8e87-4295-89d4-2faf0e1f6ff7', '00000000-0000-0000-0000-000000000002');
INSERT INTO public."QuestionTags" ("QuestionId", "TagId") VALUES ('d0baefb9-397a-4d3c-a8db-2cf67ede3174', '00000000-0000-0000-0000-000000000001');
INSERT INTO public."QuestionTags" ("QuestionId", "TagId") VALUES ('d0baefb9-397a-4d3c-a8db-2cf67ede3174', '00000000-0000-0000-0000-000000000002');
INSERT INTO public."QuestionTags" ("QuestionId", "TagId") VALUES ('d0baefb9-397a-4d3c-a8db-2cf67ede3174', '00000000-0000-0000-0000-000000000004');
INSERT INTO public."QuestionTags" ("QuestionId", "TagId") VALUES ('a3b13c3a-8e87-4295-89d4-2faf0e1f6ff7', '00000000-0000-0000-0000-000000000004');
INSERT INTO public."QuestionTags" ("QuestionId", "TagId") VALUES ('c335e2be-175e-42ed-956a-250cc3627fbb', '00000000-0000-0000-0000-000000000001');
INSERT INTO public."QuestionTags" ("QuestionId", "TagId") VALUES ('c335e2be-175e-42ed-956a-250cc3627fbb', '00000000-0000-0000-0000-000000000004');
INSERT INTO public."QuestionTags" ("QuestionId", "TagId") VALUES ('29e0e472-6ae4-4d7e-a7d3-d5b4c707908a', '00000000-0000-0000-0000-000000000002');
INSERT INTO public."QuestionTags" ("QuestionId", "TagId") VALUES ('94251c04-0afc-4c47-8ef6-bf17abca7b64', '00000000-0000-0000-0000-000000000001');
INSERT INTO public."QuestionTags" ("QuestionId", "TagId") VALUES ('727e62f9-7b9b-423b-935c-8d0c17e38250', '00000000-0000-0000-0000-000000000001');
INSERT INTO public."QuestionTags" ("QuestionId", "TagId") VALUES ('39f826d8-710f-4523-9c7d-24df948a4bfa', '00000000-0000-0000-0000-000000000001');
INSERT INTO public."QuestionTags" ("QuestionId", "TagId") VALUES ('5714464f-943c-416e-90dc-49091eaac615', '00000000-0000-0000-0000-000000000001');
INSERT INTO public."QuestionTags" ("QuestionId", "TagId") VALUES ('39c7e281-0ffe-44be-b99c-0cf75ec3c9d0', '00000000-0000-0000-0000-000000000001');
INSERT INTO public."QuestionTags" ("QuestionId", "TagId") VALUES ('280ca9e3-433b-45d2-9a77-abbf34592b09', '00000000-0000-0000-0000-000000000001');
INSERT INTO public."QuestionTags" ("QuestionId", "TagId") VALUES ('c3657657-f8df-4e64-a84d-ce12c4d197d3', '00000000-0000-0000-0000-000000000001');
INSERT INTO public."QuestionTags" ("QuestionId", "TagId") VALUES ('5ed17ae1-6b4c-45df-9bcc-0281f6401aeb', '00000000-0000-0000-0000-000000000001');
INSERT INTO public."QuestionTags" ("QuestionId", "TagId") VALUES ('683f518e-6bfc-42aa-8d13-8b72c5b0d12d', '00000000-0000-0000-0000-000000000001');
INSERT INTO public."QuestionTags" ("QuestionId", "TagId") VALUES ('18edcfa5-dbde-4f59-9d2c-c93e26e30ec5', '00000000-0000-0000-0000-000000000001');
INSERT INTO public."QuestionTags" ("QuestionId", "TagId") VALUES ('b169bc1a-beb2-473d-a6c1-dc920c1d6025', '00000000-0000-0000-0000-000000000001');
INSERT INTO public."QuestionTags" ("QuestionId", "TagId") VALUES ('11e29fc9-fea8-443a-8d30-ec669da71f8f', '00000000-0000-0000-0000-000000000001');
INSERT INTO public."QuestionTags" ("QuestionId", "TagId") VALUES ('ca829f3b-9f19-4b60-afd9-eaf40bc0db79', '00000000-0000-0000-0000-000000000001');
INSERT INTO public."QuestionTags" ("QuestionId", "TagId") VALUES ('b0ea6d3f-403a-4dd4-8630-6bea51b478da', '00000000-0000-0000-0000-000000000001');
INSERT INTO public."QuestionTags" ("QuestionId", "TagId") VALUES ('223858f3-5a1a-42b5-843e-fc2b3008ae86', '00000000-0000-0000-0000-000000000001');
INSERT INTO public."QuestionTags" ("QuestionId", "TagId") VALUES ('254d787c-7e2c-470f-8449-fc3cd21a5416', '00000000-0000-0000-0000-000000000001');
INSERT INTO public."QuestionTags" ("QuestionId", "TagId") VALUES ('d5f913fa-3940-4cef-9984-df4944b7ed67', '00000000-0000-0000-0000-000000000001');
INSERT INTO public."QuestionTags" ("QuestionId", "TagId") VALUES ('c9ac29eb-9ad9-4573-b891-c11bc3512995', '00000000-0000-0000-0000-000000000001');
INSERT INTO public."QuestionTags" ("QuestionId", "TagId") VALUES ('44059ba4-1797-4308-99dc-6924ca2bf676', '00000000-0000-0000-0000-000000000001');
INSERT INTO public."QuestionTags" ("QuestionId", "TagId") VALUES ('97f08729-0200-44b3-9640-6c33cdb29fde', '00000000-0000-0000-0000-000000000001');
INSERT INTO public."QuestionTags" ("QuestionId", "TagId") VALUES ('9864a0b2-7221-4166-b666-6599098232f4', '00000000-0000-0000-0000-000000000001');
INSERT INTO public."QuestionTags" ("QuestionId", "TagId") VALUES ('e66d1480-5cdd-4707-b796-5a428b3c3794', '00000000-0000-0000-0000-000000000001');
INSERT INTO public."QuestionTags" ("QuestionId", "TagId") VALUES ('796d5f98-4cf9-4944-98b9-e646058fb528', '00000000-0000-0000-0000-000000000001');
INSERT INTO public."QuestionTags" ("QuestionId", "TagId") VALUES ('fabe6200-30a6-4498-865d-4f7808b795c8', '00000000-0000-0000-0000-000000000001');
INSERT INTO public."QuestionTags" ("QuestionId", "TagId") VALUES ('966c8e83-adb7-4a0b-9643-45be17d1a533', '00000000-0000-0000-0000-000000000001');
INSERT INTO public."QuestionTags" ("QuestionId", "TagId") VALUES ('122d044a-82b2-4f9c-8ff5-c1718ab3a0a7', '00000000-0000-0000-0000-000000000001');
INSERT INTO public."QuestionTags" ("QuestionId", "TagId") VALUES ('92b78284-b09d-49df-95ea-b6920529fd5b', '00000000-0000-0000-0000-000000000001');
INSERT INTO public."QuestionTags" ("QuestionId", "TagId") VALUES ('68789593-4f00-4018-8514-c9cfbe869578', '00000000-0000-0000-0000-000000000001');
INSERT INTO public."QuestionTags" ("QuestionId", "TagId") VALUES ('68789593-4f00-4018-8514-c9cfbe869578', '00000000-0000-0000-0000-000000000002');
INSERT INTO public."QuestionTags" ("QuestionId", "TagId") VALUES ('136e5d29-99a8-4c48-97b4-e938f7522cfd', '00000000-0000-0000-0000-000000000001');
INSERT INTO public."QuestionTags" ("QuestionId", "TagId") VALUES ('136e5d29-99a8-4c48-97b4-e938f7522cfd', '00000000-0000-0000-0000-000000000002');
INSERT INTO public."QuestionTags" ("QuestionId", "TagId") VALUES ('e27a97fa-08d1-41f3-a2a2-5775d0b32801', '00000000-0000-0000-0000-000000000001');
INSERT INTO public."QuestionTags" ("QuestionId", "TagId") VALUES ('cd92e70a-442f-41f3-a884-ccda458b3074', '00000000-0000-0000-0000-000000000001');
INSERT INTO public."QuestionTags" ("QuestionId", "TagId") VALUES ('10e26d10-6116-4363-ad9a-1712667a180e', '00000000-0000-0000-0000-000000000001');
INSERT INTO public."QuestionTags" ("QuestionId", "TagId") VALUES ('51006da5-54fb-4681-a1f7-7c3edfa3eb01', '00000000-0000-0000-0000-000000000001');
INSERT INTO public."QuestionTags" ("QuestionId", "TagId") VALUES ('5a37c11a-6fe8-4db0-a84e-a16f71cf22b2', '00000000-0000-0000-0000-000000000001');
INSERT INTO public."QuestionTags" ("QuestionId", "TagId") VALUES ('19bcabc6-bb16-43b8-838c-a60d79646e65', '00000000-0000-0000-0000-000000000001');
INSERT INTO public."QuestionTags" ("QuestionId", "TagId") VALUES ('07aa51ac-0dfe-47a0-b535-82a750ec8e22', '00000000-0000-0000-0000-000000000001');
INSERT INTO public."QuestionTags" ("QuestionId", "TagId") VALUES ('23d234f4-55e9-44fb-a16f-5d6c4d98330c', '00000000-0000-0000-0000-000000000001');
INSERT INTO public."QuestionTags" ("QuestionId", "TagId") VALUES ('e6af2cb5-fdef-4fbf-8170-9c85ceac9cd6', '00000000-0000-0000-0000-000000000001');
INSERT INTO public."QuestionTags" ("QuestionId", "TagId") VALUES ('9decf749-1992-488f-994b-b04df637ed55', '00000000-0000-0000-0000-000000000001');
INSERT INTO public."QuestionTags" ("QuestionId", "TagId") VALUES ('cfd6e9a7-af08-4c85-a07d-ff2e1559e64e', '00000000-0000-0000-0000-000000000001');
INSERT INTO public."QuestionTags" ("QuestionId", "TagId") VALUES ('83c33b95-db4d-4c20-9d8d-b842822b58e1', '00000000-0000-0000-0000-000000000001');
INSERT INTO public."QuestionTags" ("QuestionId", "TagId") VALUES ('238a6fe7-7a38-4d83-90d8-ae8ca5353d20', '00000000-0000-0000-0000-000000000001');
INSERT INTO public."QuestionTags" ("QuestionId", "TagId") VALUES ('9ac7241c-f06a-4596-bd5e-bc3ef70fe2c8', '00000000-0000-0000-0000-000000000001');
INSERT INTO public."QuestionTags" ("QuestionId", "TagId") VALUES ('47703bfa-9090-421e-9abd-8ccbc57d3186', '00000000-0000-0000-0000-000000000001');
INSERT INTO public."QuestionTags" ("QuestionId", "TagId") VALUES ('d5c04674-cc0a-4a47-bab1-cd61926c2898', '00000000-0000-0000-0000-000000000001');
INSERT INTO public."QuestionTags" ("QuestionId", "TagId") VALUES ('98101e60-6a46-4c3b-bd27-6d1d310b8e93', '00000000-0000-0000-0000-000000000001');
INSERT INTO public."QuestionTags" ("QuestionId", "TagId") VALUES ('c5ffb43e-fd6a-4376-a5c0-a22cc2dfa8f4', '00000000-0000-0000-0000-000000000001');
INSERT INTO public."QuestionTags" ("QuestionId", "TagId") VALUES ('776cf2e9-82d2-49bc-b812-8e84f156a477', '00000000-0000-0000-0000-000000000001');
INSERT INTO public."QuestionTags" ("QuestionId", "TagId") VALUES ('2429f143-09e0-4e47-9395-271b759d00a7', '00000000-0000-0000-0000-000000000001');
INSERT INTO public."QuestionTags" ("QuestionId", "TagId") VALUES ('da8cd186-dc1f-4e2d-90ec-80df275dcb57', '00000000-0000-0000-0000-000000000001');
INSERT INTO public."QuestionTags" ("QuestionId", "TagId") VALUES ('d65ee3b1-9c9d-46eb-b714-16cb7f0952c7', '00000000-0000-0000-0000-000000000001');
INSERT INTO public."QuestionTags" ("QuestionId", "TagId") VALUES ('2b82a4e0-a555-4b52-a695-83e2531f164f', '00000000-0000-0000-0000-000000000001');
INSERT INTO public."QuestionTags" ("QuestionId", "TagId") VALUES ('76391a67-dd15-42f3-844c-8a500957df47', '00000000-0000-0000-0000-000000000001');
INSERT INTO public."QuestionTags" ("QuestionId", "TagId") VALUES ('f4e34409-5c19-42ea-a5bb-f6b4650f8963', '00000000-0000-0000-0000-000000000001');
INSERT INTO public."QuestionTags" ("QuestionId", "TagId") VALUES ('3d48226f-c66e-4196-9ad4-9966fc598c62', '00000000-0000-0000-0000-000000000001');
INSERT INTO public."QuestionTags" ("QuestionId", "TagId") VALUES ('62f7bdd9-4212-46bf-92cd-fd0c3bd356ad', '00000000-0000-0000-0000-000000000001');
INSERT INTO public."QuestionTags" ("QuestionId", "TagId") VALUES ('d4bdfc8a-29b0-4860-946b-da53d4fd076c', '00000000-0000-0000-0000-000000000001');
INSERT INTO public."QuestionTags" ("QuestionId", "TagId") VALUES ('fcfd707b-a0c8-4244-9780-d391151d1d13', '00000000-0000-0000-0000-000000000001');
INSERT INTO public."QuestionTags" ("QuestionId", "TagId") VALUES ('89f684b4-2e44-42bc-a4a5-5dced2be8e10', '00000000-0000-0000-0000-000000000001');
INSERT INTO public."QuestionTags" ("QuestionId", "TagId") VALUES ('fbb0a620-453d-408b-bbd4-184e1a7f52e0', '00000000-0000-0000-0000-000000000001');
INSERT INTO public."QuestionTags" ("QuestionId", "TagId") VALUES ('04fa2489-a5f1-4f1a-a1dc-f8766cf692fe', '00000000-0000-0000-0000-000000000001');
INSERT INTO public."QuestionTags" ("QuestionId", "TagId") VALUES ('5fd1e8b2-0836-41b4-a998-16ed6c510c8d', '00000000-0000-0000-0000-000000000001');
INSERT INTO public."QuestionTags" ("QuestionId", "TagId") VALUES ('3a3720a6-54e1-4c24-b722-f5e76bfd26e5', '00000000-0000-0000-0000-000000000001');
INSERT INTO public."QuestionTags" ("QuestionId", "TagId") VALUES ('add05009-d943-447d-8e86-b73237757484', '00000000-0000-0000-0000-000000000001');
INSERT INTO public."QuestionTags" ("QuestionId", "TagId") VALUES ('744d461c-39d3-4237-80f9-c4e5dd08cfeb', '00000000-0000-0000-0000-000000000001');
INSERT INTO public."QuestionTags" ("QuestionId", "TagId") VALUES ('bc51f971-4c15-41db-bd93-e477b5940294', '00000000-0000-0000-0000-000000000001');
INSERT INTO public."QuestionTags" ("QuestionId", "TagId") VALUES ('b7d9933e-c0f5-4867-8fa8-ad24a7fe153e', '00000000-0000-0000-0000-000000000001');
INSERT INTO public."QuestionTags" ("QuestionId", "TagId") VALUES ('c4feb4dd-4261-49a8-b7ef-fc74c3b8527d', '00000000-0000-0000-0000-000000000001');
INSERT INTO public."QuestionTags" ("QuestionId", "TagId") VALUES ('2bbc3533-4be1-4a83-9577-3699f094fc2a', '00000000-0000-0000-0000-000000000001');
INSERT INTO public."QuestionTags" ("QuestionId", "TagId") VALUES ('7d6e6a1e-375c-4727-a8f2-365c3e1e0f63', '00000000-0000-0000-0000-000000000001');
INSERT INTO public."QuestionTags" ("QuestionId", "TagId") VALUES ('0002f834-bf18-41eb-a6db-19745660e764', '00000000-0000-0000-0000-000000000001');
INSERT INTO public."QuestionTags" ("QuestionId", "TagId") VALUES ('1bb09f0d-fc1d-4b41-800f-3de3c47c1ead', '00000000-0000-0000-0000-000000000001');
INSERT INTO public."QuestionTags" ("QuestionId", "TagId") VALUES ('f402e56d-76a6-418e-95a4-e8b0ccd4f5d5', '00000000-0000-0000-0000-000000000001');
INSERT INTO public."QuestionTags" ("QuestionId", "TagId") VALUES ('dec9f6f0-4991-4888-aed3-8d58ee1d10fb', '00000000-0000-0000-0000-000000000001');
INSERT INTO public."QuestionTags" ("QuestionId", "TagId") VALUES ('b3aba411-fb7b-40a0-ae48-f5c2c4f90452', '00000000-0000-0000-0000-000000000001');
INSERT INTO public."QuestionTags" ("QuestionId", "TagId") VALUES ('9bd2c215-ebfa-4119-8569-81f487be484e', '00000000-0000-0000-0000-000000000001');
INSERT INTO public."QuestionTags" ("QuestionId", "TagId") VALUES ('8df12303-3d47-4b28-b64c-5477745a0296', '00000000-0000-0000-0000-000000000001');
INSERT INTO public."QuestionTags" ("QuestionId", "TagId") VALUES ('062f1b20-f059-45dc-9078-a20315ad7766', '00000000-0000-0000-0000-000000000001');
INSERT INTO public."QuestionTags" ("QuestionId", "TagId") VALUES ('c96026cb-3de2-4889-8e0c-759717ceb031', '00000000-0000-0000-0000-000000000001');
INSERT INTO public."QuestionTags" ("QuestionId", "TagId") VALUES ('489254e8-43d9-4475-b940-ce00905e9bab', '00000000-0000-0000-0000-000000000001');
INSERT INTO public."QuestionTags" ("QuestionId", "TagId") VALUES ('7d7d22c3-5a35-4433-9dfd-84aa7f37c9d3', '00000000-0000-0000-0000-000000000001');
INSERT INTO public."QuestionTags" ("QuestionId", "TagId") VALUES ('c7db861d-d86f-427e-9476-1e1b7ae126ed', '00000000-0000-0000-0000-000000000001');
INSERT INTO public."QuestionTags" ("QuestionId", "TagId") VALUES ('bf5d65e2-9a01-41e6-8e17-5d6138ca3014', '00000000-0000-0000-0000-000000000001');
INSERT INTO public."QuestionTags" ("QuestionId", "TagId") VALUES ('286f31cb-80d7-4f7b-85eb-cfd6b88b408e', '00000000-0000-0000-0000-000000000001');
INSERT INTO public."QuestionTags" ("QuestionId", "TagId") VALUES ('93b06cfc-6e4e-4dc9-9558-ae485b2e841d', '00000000-0000-0000-0000-000000000001');
INSERT INTO public."QuestionTags" ("QuestionId", "TagId") VALUES ('002b0832-6fd6-4ffd-88dd-125232828ce8', '00000000-0000-0000-0000-000000000001');
INSERT INTO public."QuestionTags" ("QuestionId", "TagId") VALUES ('a8c8475e-832c-4a5c-a995-0fc3884c9ef6', '00000000-0000-0000-0000-000000000001');
INSERT INTO public."QuestionTags" ("QuestionId", "TagId") VALUES ('2a5da4a5-74b1-4d7b-8ded-4e65b334ebd3', '00000000-0000-0000-0000-000000000001');
INSERT INTO public."QuestionTags" ("QuestionId", "TagId") VALUES ('c86a6287-96b3-4ad6-9cc1-a4066bcd9d70', '00000000-0000-0000-0000-000000000001');
INSERT INTO public."QuestionTags" ("QuestionId", "TagId") VALUES ('2e5878a6-5368-42cd-a95a-27649dbc61c1', '00000000-0000-0000-0000-000000000001');
INSERT INTO public."QuestionTags" ("QuestionId", "TagId") VALUES ('5f3ff46f-334d-46e9-ba35-fb2368ea5e23', '00000000-0000-0000-0000-000000000001');
INSERT INTO public."QuestionTags" ("QuestionId", "TagId") VALUES ('18b4d7ce-69e0-4a7c-8889-b96bcf729c7a', '00000000-0000-0000-0000-000000000001');
INSERT INTO public."QuestionTags" ("QuestionId", "TagId") VALUES ('99fa9541-3e0d-47b9-9065-2b58c4c1ea66', '00000000-0000-0000-0000-000000000001');
INSERT INTO public."QuestionTags" ("QuestionId", "TagId") VALUES ('0bd0fffe-04c5-416a-bcd0-8e33175bcfe2', '00000000-0000-0000-0000-000000000001');
INSERT INTO public."QuestionTags" ("QuestionId", "TagId") VALUES ('14dd2855-843e-4355-bb29-d0f1f1881f4d', '00000000-0000-0000-0000-000000000001');
INSERT INTO public."QuestionTags" ("QuestionId", "TagId") VALUES ('998dc567-badc-424c-820d-9983d5a005c3', '00000000-0000-0000-0000-000000000001');
INSERT INTO public."QuestionTags" ("QuestionId", "TagId") VALUES ('870a02c4-37c1-464e-847b-bf7164172cc6', '00000000-0000-0000-0000-000000000001');
INSERT INTO public."QuestionTags" ("QuestionId", "TagId") VALUES ('142af290-e7cb-47f1-a8fe-4f51ddef98b3', '00000000-0000-0000-0000-000000000001');
INSERT INTO public."QuestionTags" ("QuestionId", "TagId") VALUES ('64bbfff5-bf90-453d-a50f-f2c56a3ca918', '00000000-0000-0000-0000-000000000001');
INSERT INTO public."QuestionTags" ("QuestionId", "TagId") VALUES ('3355d0bb-fb4a-48bd-80b5-7af06f09e987', '00000000-0000-0000-0000-000000000001');
INSERT INTO public."QuestionTags" ("QuestionId", "TagId") VALUES ('acc54d41-d1b8-4f30-8c4e-687a4980283c', '00000000-0000-0000-0000-000000000001');
INSERT INTO public."QuestionTags" ("QuestionId", "TagId") VALUES ('c5cc4001-e1d9-43bd-a24c-8233c3c90738', '00000000-0000-0000-0000-000000000001');
INSERT INTO public."QuestionTags" ("QuestionId", "TagId") VALUES ('6efd0a39-0a85-47f8-b7d3-3cb337e4d194', '00000000-0000-0000-0000-000000000001');

INSERT INTO public."Answers" ("Id", "UserId", "Body", "IsAcceptedAnswer", "AcceptedOn", "CreatedOn", "QuestionId", "VotesSum") VALUES ('ed87bb8b-e516-46fa-ae86-7bd99026beb1', '1e392be2-e621-4ac1-86c3-81aa7f4873ea', 'Illo sunt aliquam officiis omnis. Qui occaecati nulla voluptatum quo. Sequi laborum mollitia necessitatibus quas aut aut. Corrupti deleniti doloribus voluptates nihil sint rem rerum beatae. Voluptatem reiciendis ut nihil laborum velit sequi et.', false, NULL, '2020-07-06 20:29:34.086222', 'a3b13c3a-8e87-4295-89d4-2faf0e1f6ff7', 0);
INSERT INTO public."Answers" ("Id", "UserId", "Body", "IsAcceptedAnswer", "AcceptedOn", "CreatedOn", "QuestionId", "VotesSum") VALUES ('ab00f71d-3dc2-4345-883c-7b8aad0c57b2', 'fa11acfe-8234-4fa3-9733-19abe08f74e8', 'Sint voluptatibus natus minima est minima reprehenderit exercitationem inventore. Velit et nisi eos odit vel vitae ut officia. Deleniti minima veniam ut sit blanditiis maxime. Veniam labore dicta non voluptatibus ullam. Velit quaerat iusto molestiae ea.', false, NULL, '2020-07-06 20:29:34.118036', '29e0e472-6ae4-4d7e-a7d3-d5b4c707908a', 0);
INSERT INTO public."Answers" ("Id", "UserId", "Body", "IsAcceptedAnswer", "AcceptedOn", "CreatedOn", "QuestionId", "VotesSum") VALUES ('eb0f7b53-fd32-461d-a8cf-0f515e418055', 'a9b8cd06-88f3-4d88-a8d2-2ae3e179e474', 'Et est recusandae quasi. Iusto porro at blanditiis sint dolorem saepe eos maiores. Et minus totam aut eveniet. Sed et quia nostrum iure dolores facere. Est est omnis accusamus.', false, NULL, '2020-07-06 20:29:34.117716', '29e0e472-6ae4-4d7e-a7d3-d5b4c707908a', 0);
INSERT INTO public."Answers" ("Id", "UserId", "Body", "IsAcceptedAnswer", "AcceptedOn", "CreatedOn", "QuestionId", "VotesSum") VALUES ('f5a4bc45-75b5-40fe-81d0-01b53c7ad952', '59405a18-8f1d-4ece-a4cd-ef91d5bd65ae', 'Assumenda repellendus corporis sint sint modi repellat earum. Natus et enim iure. Aut qui illo quam accusamus aut autem voluptas. Velit doloribus laboriosam beatae dolores odio. Suscipit sed nemo beatae.', true, '2020-07-06 20:29:34.118038', '2020-07-06 20:29:34.117447', '29e0e472-6ae4-4d7e-a7d3-d5b4c707908a', 0);
INSERT INTO public."Answers" ("Id", "UserId", "Body", "IsAcceptedAnswer", "AcceptedOn", "CreatedOn", "QuestionId", "VotesSum") VALUES ('6aa26327-cd61-473a-b759-4f73e6ed42d0', 'fa11acfe-8234-4fa3-9733-19abe08f74e8', 'Est dignissimos repudiandae omnis. Iure excepturi labore in adipisci nisi voluptates sint. Et blanditiis odio in aut laborum. Nemo suscipit omnis dignissimos cupiditate sed tempore quia eum. Quasi voluptatem repellendus ad dolores perspiciatis.', false, NULL, '2020-07-06 20:29:34.106802', 'c335e2be-175e-42ed-956a-250cc3627fbb', 0);
INSERT INTO public."Answers" ("Id", "UserId", "Body", "IsAcceptedAnswer", "AcceptedOn", "CreatedOn", "QuestionId", "VotesSum") VALUES ('5a98f25e-ce10-4c1d-9287-608a72a7dd3a', 'a9b8cd06-88f3-4d88-a8d2-2ae3e179e474', 'Iste sapiente corporis et voluptate provident earum pariatur enim. Nesciunt explicabo molestias nobis voluptatem illo. Sed perferendis maxime magnam eos ut a suscipit. Adipisci iusto natus sit impedit. Et perspiciatis perferendis sed sunt dolor ex.', true, '2020-07-06 20:29:34.11321', '2020-07-06 20:29:34.104871', 'c335e2be-175e-42ed-956a-250cc3627fbb', 0);
INSERT INTO public."Answers" ("Id", "UserId", "Body", "IsAcceptedAnswer", "AcceptedOn", "CreatedOn", "QuestionId", "VotesSum") VALUES ('435d6858-20c3-44c0-b522-8d6d22a38128', '59405a18-8f1d-4ece-a4cd-ef91d5bd65ae', 'Aliquid ut eum neque omnis eaque quidem ut molestiae. Qui ullam at error. Ipsa aut molestias delectus nisi maiores. Dolor optio temporibus mollitia nam quidem dolore magnam officiis. Praesentium maxime ipsa eum vitae perspiciatis ratione.', false, NULL, '2020-07-06 20:29:34.103125', 'c335e2be-175e-42ed-956a-250cc3627fbb', 0);
INSERT INTO public."Answers" ("Id", "UserId", "Body", "IsAcceptedAnswer", "AcceptedOn", "CreatedOn", "QuestionId", "VotesSum") VALUES ('b24276c8-0b8f-40bc-98fc-041820866e7e', '1e392be2-e621-4ac1-86c3-81aa7f4873ea', 'Sed doloribus id veniam impedit rerum dolorum. Repellat quisquam nihil ratione et reiciendis quidem ad architecto. Ut aut nemo facere rem est est. Dolores aliquam alias et velit repellendus harum quaerat ut. Consequuntur harum est est esse ipsum repellendus earum.', true, '2020-07-06 20:29:34.078929', '2020-07-06 20:29:34.077575', 'd88c7e3f-9c5d-4ee7-aa69-f8eea15b82aa', 0);
INSERT INTO public."Answers" ("Id", "UserId", "Body", "IsAcceptedAnswer", "AcceptedOn", "CreatedOn", "QuestionId", "VotesSum") VALUES ('c227a698-18ad-4a32-b66b-c4be30855662', 'b0f2361e-c512-4afa-9f1f-7be27101b170', 'Autem repellendus aliquam cum id dolores. Quia rerum fugit ut. Eaque doloremque beatae enim ut atque. Accusantium eum molestiae voluptatem et id mollitia. Laudantium omnis accusantium quo.', false, NULL, '2020-07-06 20:29:34.086805', 'a3b13c3a-8e87-4295-89d4-2faf0e1f6ff7', 0);
INSERT INTO public."Answers" ("Id", "UserId", "Body", "IsAcceptedAnswer", "AcceptedOn", "CreatedOn", "QuestionId", "VotesSum") VALUES ('b9caec47-164a-4815-aa8d-4d06a84f31e3', 'fa11acfe-8234-4fa3-9733-19abe08f74e8', 'Porro quidem ut saepe autem. Accusantium illum unde consequuntur inventore beatae quasi nulla. Hic unde nobis nobis. Adipisci debitis necessitatibus fugiat aut. Eum et odit nostrum perferendis.', false, NULL, '2020-07-06 20:29:34.087701', 'a3b13c3a-8e87-4295-89d4-2faf0e1f6ff7', 0);
INSERT INTO public."Answers" ("Id", "UserId", "Body", "IsAcceptedAnswer", "AcceptedOn", "CreatedOn", "QuestionId", "VotesSum") VALUES ('557afc18-6fb4-4c37-949f-bc793004f7a7', 'fa11acfe-8234-4fa3-9733-19abe08f74e8', 'Securing React Apps with Auth0aaaSecuring React Apps with Auth0aaaSecuring React Apps with Auth0aaaSecuring React Apps with Auth0aaa', false, NULL, '2020-12-10 21:47:04.391751', '93b06cfc-6e4e-4dc9-9558-ae485b2e841d', 0);
INSERT INTO public."Answers" ("Id", "UserId", "Body", "IsAcceptedAnswer", "AcceptedOn", "CreatedOn", "QuestionId", "VotesSum") VALUES ('7fbe166b-1f77-4c92-93dc-2d4ec39edbd7', 'fa11acfe-8234-4fa3-9733-19abe08f74e8', ' React Apps with Auth0aaaSecuring React Apps with Auth0aaaSecuring React Apps with Auth0aaaSecuring React Apps with Auth0aaaSecuring React Apps with Auth0aa', false, NULL, '2020-11-29 23:29:42.200332', '07aa51ac-0dfe-47a0-b535-82a750ec8e22', 0);
INSERT INTO public."Answers" ("Id", "UserId", "Body", "IsAcceptedAnswer", "AcceptedOn", "CreatedOn", "QuestionId", "VotesSum") VALUES ('acfe6cd5-3301-4076-bf5c-58763f73a523', 'fa11acfe-8234-4fa3-9733-19abe08f74e8', 'Securing React Apps with Auth0aaaSecuring React Apps with Auth0aaaSecuring React Apps with Auth0aaaSecuring React Apps with Auth0aaa', false, NULL, '2020-12-08 21:05:45.024079', 'c96026cb-3de2-4889-8e0c-759717ceb031', 0);
INSERT INTO public."Answers" ("Id", "UserId", "Body", "IsAcceptedAnswer", "AcceptedOn", "CreatedOn", "QuestionId", "VotesSum") VALUES ('dc90f605-7152-4a00-a676-03ac914cf930', 'fa11acfe-8234-4fa3-9733-19abe08f74e8', 'qqqqqqqqSecuring React Apps with Auth0aaaSecuring React Apps with Auth0aaaSecuring React Apps with Auth0aaaSecuring React Apps with Auth0aaa', true, '2020-12-10 21:39:13.08871', '2020-12-10 21:39:09.089093', 'c7db861d-d86f-427e-9476-1e1b7ae126ed', 0);
INSERT INTO public."Answers" ("Id", "UserId", "Body", "IsAcceptedAnswer", "AcceptedOn", "CreatedOn", "QuestionId", "VotesSum") VALUES ('d7b4730b-92bf-4c84-877d-948fb084d177', 'fa11acfe-8234-4fa3-9733-19abe08f74e8', 'Securing React Apps with Auth0aaaSecuring React Apps with Auth0aaaSecuring React Apps with Auth0aaaSecuring React Apps with Auth0aaa', false, NULL, '2020-12-08 21:42:22.722344', '489254e8-43d9-4475-b940-ce00905e9bab', 0);
INSERT INTO public."Answers" ("Id", "UserId", "Body", "IsAcceptedAnswer", "AcceptedOn", "CreatedOn", "QuestionId", "VotesSum") VALUES ('afd32f40-ceab-4eaa-b1d3-fbb8893922fd', 'fa11acfe-8234-4fa3-9733-19abe08f74e8', 'Securing React Apps with Auth0aaaSecuring React Apps with Auth0aaaSecuring React Apps with Auth0aaaSecuring React Apps with Auth0aaa', true, '2020-12-10 21:42:03.758883', '2020-12-10 21:42:01.537511', 'bf5d65e2-9a01-41e6-8e17-5d6138ca3014', 0);
INSERT INTO public."Answers" ("Id", "UserId", "Body", "IsAcceptedAnswer", "AcceptedOn", "CreatedOn", "QuestionId", "VotesSum") VALUES ('58bf6943-1e75-41e7-9694-2be34a44e2ad', 'fa11acfe-8234-4fa3-9733-19abe08f74e8', 'This is a body of a new answer #1. This is a body of a new answer #1. This is a body of a new answer #1.', true, '2020-12-09 22:25:19.246329', '2020-08-16 09:06:07.812118', 'ca829f3b-9f19-4b60-afd9-eaf40bc0db79', 0);
INSERT INTO public."Answers" ("Id", "UserId", "Body", "IsAcceptedAnswer", "AcceptedOn", "CreatedOn", "QuestionId", "VotesSum") VALUES ('f6946866-4173-4356-a86d-718ea7cd5e86', 'fa11acfe-8234-4fa3-9733-19abe08f74e8', 'xxxxxSecuring React Apps with Auth0aaaSecuring React Apps with Auth0aaaSecuring React Apps with Auth0aaaSecuring React Apps with Auth0aaa', false, NULL, '2020-12-10 21:38:11.204002', '7d7d22c3-5a35-4433-9dfd-84aa7f37c9d3', 0);
INSERT INTO public."Answers" ("Id", "UserId", "Body", "IsAcceptedAnswer", "AcceptedOn", "CreatedOn", "QuestionId", "VotesSum") VALUES ('c68fda3e-3f77-4173-bb4c-6173d2de8934', 'fa11acfe-8234-4fa3-9733-19abe08f74e8', 'Securing React Apps with Auth0aaaSecuring React Apps with Auth0aaaSecuring React Apps with Auth0aaaSecuring React Apps with Auth0aaa', true, '2020-12-10 21:43:55.230675', '2020-12-10 21:43:53.01316', '286f31cb-80d7-4f7b-85eb-cfd6b88b408e', 0);
INSERT INTO public."Answers" ("Id", "UserId", "Body", "IsAcceptedAnswer", "AcceptedOn", "CreatedOn", "QuestionId", "VotesSum") VALUES ('a7cef70c-61db-4e1a-a358-ea0f5318edd4', 'fa11acfe-8234-4fa3-9733-19abe08f74e8', 'Securing React Apps with Auth0aaaSecuring React Apps with Auth0aaaSecuring React Apps with Auth0aaaSecuring React Apps with Auth0aaa', true, '2020-12-10 22:03:00.220042', '2020-12-10 22:02:59.08228', '002b0832-6fd6-4ffd-88dd-125232828ce8', 0);
INSERT INTO public."Answers" ("Id", "UserId", "Body", "IsAcceptedAnswer", "AcceptedOn", "CreatedOn", "QuestionId", "VotesSum") VALUES ('938026e9-bc81-4aa6-9800-d9d8f09a3628', 'fa11acfe-8234-4fa3-9733-19abe08f74e8', 'Qui porro molestiae quis nemo. Debitis similique enim dolores. Magnam deleniti et qui. Aspernatur ratione vel doloremque nihil qui impedit minus. Ipsa est a autem ex.', false, '2020-07-06 20:29:34.10209', '2020-07-06 20:29:34.098787', 'd0baefb9-397a-4d3c-a8db-2cf67ede3174', 0);
INSERT INTO public."Answers" ("Id", "UserId", "Body", "IsAcceptedAnswer", "AcceptedOn", "CreatedOn", "QuestionId", "VotesSum") VALUES ('d4553f92-6652-4c8a-ac03-bf69f1b1969c', 'fa11acfe-8234-4fa3-9733-19abe08f74e8', 'Securaaaing React Apps with Auth0aaaSecuring React Apps with Auth0aaaSecuring React Apps with Auth0aaaSecuring React Apps with Auth0aaa', true, '2020-12-10 22:05:04.200693', '2020-12-10 22:04:57.976536', 'a8c8475e-832c-4a5c-a995-0fc3884c9ef6', 0);
INSERT INTO public."Answers" ("Id", "UserId", "Body", "IsAcceptedAnswer", "AcceptedOn", "CreatedOn", "QuestionId", "VotesSum") VALUES ('06faa0b1-925c-4630-a11e-b3777f539f15', 'a9b8cd06-88f3-4d88-a8d2-2ae3e179e474', 'Veniam iste velit occaecati nemo ut ut et nulla. Quaerat voluptas reprehenderit id modi repellendus animi iusto. Odio excepturi minima dolor id esse. Ex adipisci id recusandae magni voluptatum. Neque non officiis voluptatem.', false, NULL, '2020-07-06 20:29:34.097337', 'd0baefb9-397a-4d3c-a8db-2cf67ede3174', 0);
INSERT INTO public."Answers" ("Id", "UserId", "Body", "IsAcceptedAnswer", "AcceptedOn", "CreatedOn", "QuestionId", "VotesSum") VALUES ('93020f1e-0b94-4f7e-9662-87434dd7cb98', 'fa11acfe-8234-4fa3-9733-19abe08f74e8', 'Securing React Apps with Auth0aaaSecuring React Apps with Auth0aaaSecuring React Apps with Auth0aaaSecuring React Apps with Auth0aaa', true, '2020-12-10 22:37:28.861219', '2020-12-08 21:05:32.890356', '0002f834-bf18-41eb-a6db-19745660e764', 0);
INSERT INTO public."Answers" ("Id", "UserId", "Body", "IsAcceptedAnswer", "AcceptedOn", "CreatedOn", "QuestionId", "VotesSum") VALUES ('e13af107-600d-4e35-b1da-c7201316f89e', '59405a18-8f1d-4ece-a4cd-ef91d5bd65ae', 'Qui illo sint illum quos libero sed voluptatem. Tempore dignissimos aliquid aut cum qui itaque autem amet. Animi dolores et quae similique voluptas dolore atque. Ullam mollitia qui enim quis ad distinctio quaerat. Rerum est officia quia fuga temporibus quam.', true, '2020-12-10 22:40:15.410112', '2020-07-06 20:29:34.09608', 'd0baefb9-397a-4d3c-a8db-2cf67ede3174', 0);
INSERT INTO public."Answers" ("Id", "UserId", "Body", "IsAcceptedAnswer", "AcceptedOn", "CreatedOn", "QuestionId", "VotesSum") VALUES ('5511d47c-5d65-4c11-b21e-7126ee47e682', 'fa11acfe-8234-4fa3-9733-19abe08f74e8', 'Saaaaaecuring React Apps with Auth0aaaSecuring React Apps with Auth0aaaSecuring React Apps with Auth0aaaSecuring React Apps with Auth0aaa', false, NULL, '2021-02-07 20:46:33.372276', 'd88c7e3f-9c5d-4ee7-aa69-f8eea15b82aa', 0);
INSERT INTO public."Answers" ("Id", "UserId", "Body", "IsAcceptedAnswer", "AcceptedOn", "CreatedOn", "QuestionId", "VotesSum") VALUES ('4f0fdcef-2045-430e-a564-3b7a0651a52a', 'bd891d4c-1079-4f89-a8d0-480e4a3de1b2', 'Securaaaaing React Apps with Auth0aaaSecuring React Apps with Auth0aaaSecuring React Apps with Auth0aaaSecuring React Apps with Auth0aaa', true, '2021-02-11 10:01:26.985078', '2021-02-11 10:01:20.601437', 'c5cc4001-e1d9-43bd-a24c-8233c3c90738', 0);
INSERT INTO public."Answers" ("Id", "UserId", "Body", "IsAcceptedAnswer", "AcceptedOn", "CreatedOn", "QuestionId", "VotesSum") VALUES ('9cac07e0-bc3a-46cb-8b4e-38f70521ee68', '9aafb10a-29b0-4367-8b0c-7b4da468cf8e', 'Securing React Apps with Auth0aaaSecuring React Apps with Auth0aaaSecuring React Apps with Auth0aaaSecuring React Apps with Auth0aaa', true, '2021-02-22 21:35:30.862744', '2021-02-22 21:35:29.197122', '6efd0a39-0a85-47f8-b7d3-3cb337e4d194', 0);

INSERT INTO public."Comments" ("Id", "UserId", "Body", "CreatedOn", "ParentQuestionId", "ParentAnswerId", "OrderNumber", "VotesSum") VALUES ('e1e17332-3357-4115-b8bf-c5147781209c', '59405a18-8f1d-4ece-a4cd-ef91d5bd65ae', 'Cupiditate ipsum quia aliquid dolor id dolor autem. Fuga natus doloribus quia voluptatem nobis odio illo. Assumenda fuga laborum ut aliquid quisquam. Non labore ratione omnis dolorum. Ut ipsam qui ut.', '2020-07-06 20:29:34.068936', 'd88c7e3f-9c5d-4ee7-aa69-f8eea15b82aa', NULL, 1, 0);
INSERT INTO public."Comments" ("Id", "UserId", "Body", "CreatedOn", "ParentQuestionId", "ParentAnswerId", "OrderNumber", "VotesSum") VALUES ('5369621e-c7b1-4e89-847e-4f49682ba79e', 'b0f2361e-c512-4afa-9f1f-7be27101b170', 'Nulla ut corrupti dolorem. Aperiam natus magni quasi. Ad corporis necessitatibus commodi quia ut. Beatae illo et nihil qui odio ipsum perspiciatis officiis. Quis est repellat impedit distinctio et aut reprehenderit sint.', '2020-07-06 20:29:34.102792', 'c335e2be-175e-42ed-956a-250cc3627fbb', NULL, 1, 0);
INSERT INTO public."Comments" ("Id", "UserId", "Body", "CreatedOn", "ParentQuestionId", "ParentAnswerId", "OrderNumber", "VotesSum") VALUES ('1c3069b5-9d37-481f-b611-f43de75b897c', 'b0f2361e-c512-4afa-9f1f-7be27101b170', 'Modi illum perspiciatis non officiis assumenda explicabo. Nostrum voluptas in nisi aut a quos dolorem placeat. Et quia autem sint aut perspiciatis autem alias. Nulla veritatis voluptatum sed sed. Voluptatem vel atque et.', '2020-07-06 20:29:34.08506', 'a3b13c3a-8e87-4295-89d4-2faf0e1f6ff7', NULL, 2, 0);
INSERT INTO public."Comments" ("Id", "UserId", "Body", "CreatedOn", "ParentQuestionId", "ParentAnswerId", "OrderNumber", "VotesSum") VALUES ('d6c76886-5dc2-4464-875e-65cc0232deb3', 'fa11acfe-8234-4fa3-9733-19abe08f74e8', 'Unde ipsam et fuga sed quaerat et ipsa. Adipisci cum est repellat voluptatibus magni et exercitationem incidunt. Porro est qui unde ea quidem. Et sit praesentium est. Deleniti ducimus eum ad dolores ut.', '2020-07-06 20:29:34.085628', 'a3b13c3a-8e87-4295-89d4-2faf0e1f6ff7', NULL, 3, 0);
INSERT INTO public."Comments" ("Id", "UserId", "Body", "CreatedOn", "ParentQuestionId", "ParentAnswerId", "OrderNumber", "VotesSum") VALUES ('c810c6ec-8fd9-442a-90c8-2f05a46a73df', 'b0f2361e-c512-4afa-9f1f-7be27101b170', 'Et est omnis blanditiis dolore odit ut. Facilis ut et deserunt non sunt molestiae natus. Exercitationem itaque expedita enim quaerat aut iste. Aut sit fugit qui culpa quaerat facilis nulla sunt. Deserunt inventore perferendis libero omnis repudiandae et consequatur.', '2020-07-06 20:29:34.113961', '29e0e472-6ae4-4d7e-a7d3-d5b4c707908a', NULL, 1, 0);
INSERT INTO public."Comments" ("Id", "UserId", "Body", "CreatedOn", "ParentQuestionId", "ParentAnswerId", "OrderNumber", "VotesSum") VALUES ('1f627dbd-20a0-4180-94cc-d1631a76efdd', 'b0f2361e-c512-4afa-9f1f-7be27101b170', 'Aliquam et deserunt quis autem ipsum architecto et. Non qui sit quod atque. Voluptas a et illo. Ipsa ducimus libero pariatur. Voluptatum cupiditate vero deleniti ut eum dolorem exercitationem.', '2020-07-06 20:29:34.114233', '29e0e472-6ae4-4d7e-a7d3-d5b4c707908a', NULL, 2, 0);
INSERT INTO public."Comments" ("Id", "UserId", "Body", "CreatedOn", "ParentQuestionId", "ParentAnswerId", "OrderNumber", "VotesSum") VALUES ('8d0c90f0-2f3d-454f-a2e5-bb42851d2bdb', '1e392be2-e621-4ac1-86c3-81aa7f4873ea', 'Fugit quia adipisci saepe sint. Ipsa sunt tempore placeat dolorum ad. Voluptatum debitis pariatur qui sit eius. Pariatur odit a adipisci minus id consequatur beatae sint. Odit non voluptas magnam minus aut est dolores qui.', '2020-07-06 20:29:34.114555', '29e0e472-6ae4-4d7e-a7d3-d5b4c707908a', NULL, 3, 0);
INSERT INTO public."Comments" ("Id", "UserId", "Body", "CreatedOn", "ParentQuestionId", "ParentAnswerId", "OrderNumber", "VotesSum") VALUES ('624c94be-c2e9-47a9-b1f0-a531ad5e20a8', '1e392be2-e621-4ac1-86c3-81aa7f4873ea', 'Voluptatem accusantium sit aut magni mollitia et nam. Quidem et ex sunt sapiente optio reprehenderit similique. Corporis rerum ipsa distinctio. Ipsa expedita rerum reiciendis quas. Rerum et eum earum ex nihil.', '2020-07-06 20:29:34.114847', '29e0e472-6ae4-4d7e-a7d3-d5b4c707908a', NULL, 4, 0);
INSERT INTO public."Comments" ("Id", "UserId", "Body", "CreatedOn", "ParentQuestionId", "ParentAnswerId", "OrderNumber", "VotesSum") VALUES ('796e70e2-7efd-495f-b87a-9bad9c4f693f', 'a9b8cd06-88f3-4d88-a8d2-2ae3e179e474', 'Ea dolor occaecati illo odit. Et vero enim possimus et. Minus eius labore sint vel. Dolorem necessitatibus hic tenetur explicabo ut nostrum quia. Non ut voluptatem sit neque quisquam ut voluptatem.', '2020-07-06 20:29:34.11513', '29e0e472-6ae4-4d7e-a7d3-d5b4c707908a', NULL, 5, 0);
INSERT INTO public."Comments" ("Id", "UserId", "Body", "CreatedOn", "ParentQuestionId", "ParentAnswerId", "OrderNumber", "VotesSum") VALUES ('9cc44803-9645-4e07-a5df-6c1a913114c7', 'b0f2361e-c512-4afa-9f1f-7be27101b170', 'Consequatur quod et aliquam provident expedita. Quis quos amet debitis. Ullam commodi est inventore quas consequatur corrupti. Possimus at exercitationem consequatur aut eius omnis. Vel enim sed recusandae et praesentium.', '2020-07-06 20:29:34.115407', '29e0e472-6ae4-4d7e-a7d3-d5b4c707908a', NULL, 6, 0);
INSERT INTO public."Comments" ("Id", "UserId", "Body", "CreatedOn", "ParentQuestionId", "ParentAnswerId", "OrderNumber", "VotesSum") VALUES ('95436282-7265-4579-b84e-d31f10175184', 'fa11acfe-8234-4fa3-9733-19abe08f74e8', 'Mollitia porro quia et ut voluptatibus quasi voluptatibus omnis. Et est voluptatibus nam voluptatibus rerum pariatur perspiciatis laborum. Eveniet maxime ut facere. Et iste omnis omnis. Voluptatum animi modi voluptatem cumque alias exercitationem.', '2020-07-06 20:29:34.115716', '29e0e472-6ae4-4d7e-a7d3-d5b4c707908a', NULL, 7, 0);
INSERT INTO public."Comments" ("Id", "UserId", "Body", "CreatedOn", "ParentQuestionId", "ParentAnswerId", "OrderNumber", "VotesSum") VALUES ('4dbe6c25-70db-4324-abbd-a0188a010d26', 'a9b8cd06-88f3-4d88-a8d2-2ae3e179e474', 'Non dolores quia qui eos consequatur pariatur. Et dolor autem voluptas aperiam nobis ipsum. Vitae est voluptas et. Sint voluptatum vitae explicabo inventore iste quis quod facere. Non voluptatem consectetur facere dolor aspernatur rerum occaecati.', '2020-07-06 20:29:34.116035', '29e0e472-6ae4-4d7e-a7d3-d5b4c707908a', NULL, 8, 0);
INSERT INTO public."Comments" ("Id", "UserId", "Body", "CreatedOn", "ParentQuestionId", "ParentAnswerId", "OrderNumber", "VotesSum") VALUES ('208a09fb-ad4c-44ff-98e0-fa86230ff582', 'b0f2361e-c512-4afa-9f1f-7be27101b170', 'Eaque et ut perferendis veritatis quod. Ratione eos nostrum minus nisi ab. Officia exercitationem et dicta quaerat eligendi fuga est possimus. Voluptatem minus voluptates natus asperiores odio occaecati nihil sint. Maiores tenetur eveniet consectetur voluptatem qui et.', '2020-07-06 20:29:34.08147', '290c3951-2330-4b6e-b705-c717b7c69838', NULL, 3, 0);
INSERT INTO public."Comments" ("Id", "UserId", "Body", "CreatedOn", "ParentQuestionId", "ParentAnswerId", "OrderNumber", "VotesSum") VALUES ('20c8cf6f-695b-487f-beb1-7802a5662e9f', '1e392be2-e621-4ac1-86c3-81aa7f4873ea', 'Minima et porro voluptatem accusamus quidem esse. Doloremque molestiae eaque labore quia. Quis et est omnis magnam sint minus ut fugiat. Quis voluptatem aliquid voluptatem enim. Sit quam non sunt delectus quis doloremque.', '2020-07-06 20:29:34.080824', '290c3951-2330-4b6e-b705-c717b7c69838', NULL, 2, 0);
INSERT INTO public."Comments" ("Id", "UserId", "Body", "CreatedOn", "ParentQuestionId", "ParentAnswerId", "OrderNumber", "VotesSum") VALUES ('c62087f7-d03a-4b9f-b91a-f723b81cb58a', 'b0f2361e-c512-4afa-9f1f-7be27101b170', 'Suscipit nostrum facere inventore maiores aspernatur error. Ipsam repudiandae ut et ut delectus. Et ducimus libero perferendis veniam at soluta. Mollitia laudantium sint numquam quod. Doloremque blanditiis eum exercitationem reiciendis ut et asperiores.', '2020-07-06 20:29:34.11634', '29e0e472-6ae4-4d7e-a7d3-d5b4c707908a', NULL, 9, 0);
INSERT INTO public."Comments" ("Id", "UserId", "Body", "CreatedOn", "ParentQuestionId", "ParentAnswerId", "OrderNumber", "VotesSum") VALUES ('07142336-683f-4bec-bcc2-8a715802d3db', 'fa11acfe-8234-4fa3-9733-19abe08f74e8', 'Nostrum fugit et sed omnis quidem est ratione. Repudiandae sed eum quis dolor non. Consectetur ipsa debitis enim accusantium ut et et. Aut amet quia omnis minus. Ratione dolor ut rem est.', '2020-07-06 20:29:34.116632', '29e0e472-6ae4-4d7e-a7d3-d5b4c707908a', NULL, 10, 0);
INSERT INTO public."Comments" ("Id", "UserId", "Body", "CreatedOn", "ParentQuestionId", "ParentAnswerId", "OrderNumber", "VotesSum") VALUES ('2d50d3d8-83ae-4163-aa2a-e91c039de748', 'b0f2361e-c512-4afa-9f1f-7be27101b170', 'Aut et voluptas eligendi. Aut non unde assumenda. Aut enim est odio est neque. Doloremque et doloremque qui exercitationem. Suscipit qui asperiores minima natus et dignissimos itaque.', '2020-07-06 20:29:34.116883', '29e0e472-6ae4-4d7e-a7d3-d5b4c707908a', NULL, 11, 0);
INSERT INTO public."Comments" ("Id", "UserId", "Body", "CreatedOn", "ParentQuestionId", "ParentAnswerId", "OrderNumber", "VotesSum") VALUES ('f75f16bd-14e6-4747-a11a-c44d3b397ccd', 'b0f2361e-c512-4afa-9f1f-7be27101b170', 'Tenetur expedita excepturi perferendis cumque ipsam. Perferendis ut ipsam sint reprehenderit beatae atque. Incidunt facilis esse minus maiores. Et earum ea rerum veniam molestiae. Iste assumenda dolorum laborum vitae.', '2020-07-06 20:29:34.091447', '78c88c09-ae86-4073-be09-b9d0ce26b586', NULL, 5, 0);
INSERT INTO public."Comments" ("Id", "UserId", "Body", "CreatedOn", "ParentQuestionId", "ParentAnswerId", "OrderNumber", "VotesSum") VALUES ('5c123af3-386e-43d5-98d2-2811306df9e3', '59405a18-8f1d-4ece-a4cd-ef91d5bd65ae', 'Nemo sapiente nihil porro et ab quam et. Molestias vero qui dolore libero delectus quidem necessitatibus. Voluptas voluptatem ipsa nihil aspernatur quia illo. Amet dicta repellendus labore pariatur culpa velit dicta id. Nisi iusto ex ea.', '2020-07-06 20:29:34.09074', '78c88c09-ae86-4073-be09-b9d0ce26b586', NULL, 4, 0);
INSERT INTO public."Comments" ("Id", "UserId", "Body", "CreatedOn", "ParentQuestionId", "ParentAnswerId", "OrderNumber", "VotesSum") VALUES ('9f681fe3-5e85-488a-9559-8ef6c964348d', 'fa11acfe-8234-4fa3-9733-19abe08f74e8', 'Fuga omnis eum consequuntur aliquid harum deserunt. Adipisci optio nihil nam debitis vel sit beatae. Dolore ea aut omnis consequatur perferendis dolorum. Non itaque laboriosam deserunt. Corporis quia et odit id sed omnis.', '2020-07-06 20:29:34.090066', '78c88c09-ae86-4073-be09-b9d0ce26b586', NULL, 3, 0);
INSERT INTO public."Comments" ("Id", "UserId", "Body", "CreatedOn", "ParentQuestionId", "ParentAnswerId", "OrderNumber", "VotesSum") VALUES ('c334c991-2a81-4eea-9d3e-4a8feaeca423', 'b0f2361e-c512-4afa-9f1f-7be27101b170', 'Dolorem est rerum amet nemo architecto distinctio suscipit ipsam. Necessitatibus et minus doloribus ipsam et ab tempora autem. Tenetur magni facere vel. Inventore quia iste voluptas omnis aliquid perferendis quidem delectus. Labore mollitia quod minus dolore.', '2020-07-06 20:29:34.089464', '78c88c09-ae86-4073-be09-b9d0ce26b586', NULL, 2, 0);
INSERT INTO public."Comments" ("Id", "UserId", "Body", "CreatedOn", "ParentQuestionId", "ParentAnswerId", "OrderNumber", "VotesSum") VALUES ('f7b6f315-6a4e-485a-829b-098218a1c5ce', 'b0f2361e-c512-4afa-9f1f-7be27101b170', 'Quia dicta iste voluptas eos. Optio maxime placeat rerum quos explicabo magnam officia et. Ut ut ut voluptas aliquid repellendus consequuntur hic. Quod excepturi facilis quia odit voluptatem. Dolorem delectus eos aspernatur nihil perferendis natus.', '2020-07-06 20:29:34.088841', '78c88c09-ae86-4073-be09-b9d0ce26b586', NULL, 1, 0);
INSERT INTO public."Comments" ("Id", "UserId", "Body", "CreatedOn", "ParentQuestionId", "ParentAnswerId", "OrderNumber", "VotesSum") VALUES ('096ac147-6336-42c6-ae62-c2b223e0527e', 'a9b8cd06-88f3-4d88-a8d2-2ae3e179e474', 'Optio eveniet facilis a ratione. Vitae necessitatibus consectetur qui reprehenderit enim rem. Sunt consectetur dolores ut ut voluptates vel aperiam. Velit qui earum sed. Voluptatibus ut voluptatem quam quos ipsa reprehenderit.', '2020-07-06 20:29:34.11717', '29e0e472-6ae4-4d7e-a7d3-d5b4c707908a', NULL, 12, 0);
INSERT INTO public."Comments" ("Id", "UserId", "Body", "CreatedOn", "ParentQuestionId", "ParentAnswerId", "OrderNumber", "VotesSum") VALUES ('85522ec0-7ea8-42a7-9c8a-0c1f85880141', 'b0f2361e-c512-4afa-9f1f-7be27101b170', 'Omnis et hic dolor consectetur saepe delectus. Inventore dignissimos dignissimos quis atque rem eius quia. Facere voluptatem voluptas excepturi iusto occaecati et omnis. Dolores nulla dolor possimus aut eius quia vel. Est ut ab quasi.', '2020-07-06 20:29:34.075525', 'd88c7e3f-9c5d-4ee7-aa69-f8eea15b82aa', NULL, 3, 0);
INSERT INTO public."Comments" ("Id", "UserId", "Body", "CreatedOn", "ParentQuestionId", "ParentAnswerId", "OrderNumber", "VotesSum") VALUES ('b1e36e75-4ded-4717-97d0-2c91cbfcf5ac', '1e392be2-e621-4ac1-86c3-81aa7f4873ea', 'Qui possimus soluta sapiente ea ullam ipsam et. Beatae ut iste aspernatur sed. Magni earum non et ullam ipsam et. Minus nihil consequuntur quo rerum omnis. Fugit iusto eaque assumenda quas laborum et et accusamus.', '2020-07-06 20:29:34.074458', 'd88c7e3f-9c5d-4ee7-aa69-f8eea15b82aa', NULL, 2, 0);
INSERT INTO public."Comments" ("Id", "UserId", "Body", "CreatedOn", "ParentQuestionId", "ParentAnswerId", "OrderNumber", "VotesSum") VALUES ('125b781c-32ad-4475-854b-4c559aaa2cde', 'fa11acfe-8234-4fa3-9733-19abe08f74e8', 'Quibusdam tempore vel itaque voluptas tenetur rerum rem eius. Quo amet minima aut ut. Architecto ea dolorem dolores eos nemo modi. Tenetur quae enim at at tenetur consectetur quis et. Nihil quaerat molestiae dicta fugit et.', '2020-07-06 20:29:34.080247', '290c3951-2330-4b6e-b705-c717b7c69838', NULL, 1, 0);
INSERT INTO public."Comments" ("Id", "UserId", "Body", "CreatedOn", "ParentQuestionId", "ParentAnswerId", "OrderNumber", "VotesSum") VALUES ('da3ba88b-af56-4c1a-b943-1b57d564b9f0', '1e392be2-e621-4ac1-86c3-81aa7f4873ea', 'Officia error eaque quo ut. Ut facere iusto et dolorem. Quos itaque aut hic esse fugit et facilis cumque. Aut consequatur pariatur quis officia iste. Quia aut ducimus nihil necessitatibus cum repellat.', '2020-07-06 20:29:34.084506', 'a3b13c3a-8e87-4295-89d4-2faf0e1f6ff7', NULL, 1, 0);
INSERT INTO public."Comments" ("Id", "UserId", "Body", "CreatedOn", "ParentQuestionId", "ParentAnswerId", "OrderNumber", "VotesSum") VALUES ('d12a23bc-00fc-4c9c-8696-2d2f0ca7e862', 'a9b8cd06-88f3-4d88-a8d2-2ae3e179e474', 'Asperiores porro officiis reiciendis repellendus eum. Veniam delectus facere qui id aliquam sequi. Quibusdam ullam molestiae officia vitae. Rem dolor vero illo modi blanditiis. Ut rerum cumque voluptas numquam voluptatum.', '2020-07-06 20:29:34.112592', NULL, '6aa26327-cd61-473a-b759-4f73e6ed42d0', 4, 0);
INSERT INTO public."Comments" ("Id", "UserId", "Body", "CreatedOn", "ParentQuestionId", "ParentAnswerId", "OrderNumber", "VotesSum") VALUES ('adec6465-f785-4e1b-ad2e-64e97a268687', '59405a18-8f1d-4ece-a4cd-ef91d5bd65ae', 'Exercitationem et molestiae corrupti dolore esse omnis vitae molestiae. Nesciunt asperiores dignissimos qui doloribus. Ipsa quia ratione quod. Quae molestias harum consectetur. Ducimus dolorum quia qui nihil dolore dolores.', '2020-07-06 20:29:34.112293', NULL, '6aa26327-cd61-473a-b759-4f73e6ed42d0', 3, 0);
INSERT INTO public."Comments" ("Id", "UserId", "Body", "CreatedOn", "ParentQuestionId", "ParentAnswerId", "OrderNumber", "VotesSum") VALUES ('d213b7a8-36b9-4112-a685-889ab614eef3', 'b0f2361e-c512-4afa-9f1f-7be27101b170', 'Quis et autem omnis sit culpa aut est sit. Eos delectus distinctio consectetur. Quaerat ducimus rerum rerum eos voluptatem eos quae. Nesciunt et assumenda ut iusto asperiores cupiditate vel delectus. Quae veniam non et et.', '2020-07-06 20:29:34.107668', NULL, '6aa26327-cd61-473a-b759-4f73e6ed42d0', 2, 0);
INSERT INTO public."Comments" ("Id", "UserId", "Body", "CreatedOn", "ParentQuestionId", "ParentAnswerId", "OrderNumber", "VotesSum") VALUES ('03f1d5a1-64ec-440f-aff2-5e9fba07471e', '59405a18-8f1d-4ece-a4cd-ef91d5bd65ae', 'Id quas fuga reprehenderit rem reiciendis et nam asperiores. Esse nobis aut aut. Et placeat est doloribus nihil. Iusto unde et in excepturi dolor voluptatibus porro ipsum. Inventore in et earum sed et autem temporibus id.', '2020-07-06 20:29:34.107248', NULL, '6aa26327-cd61-473a-b759-4f73e6ed42d0', 1, 0);
INSERT INTO public."Comments" ("Id", "UserId", "Body", "CreatedOn", "ParentQuestionId", "ParentAnswerId", "OrderNumber", "VotesSum") VALUES ('9e8c8542-c2ea-4f72-b1e0-4366ed7c9c37', '59405a18-8f1d-4ece-a4cd-ef91d5bd65ae', 'Adipisci blanditiis ducimus aut autem placeat provident eius. Nulla perferendis aspernatur quo aut. Et assumenda sunt reiciendis omnis deserunt. Sunt nulla dicta aperiam sed error. Asperiores vero sapiente autem quo dolorem.', '2020-07-06 20:29:34.106398', NULL, '5a98f25e-ce10-4c1d-9287-608a72a7dd3a', 5, 0);
INSERT INTO public."Comments" ("Id", "UserId", "Body", "CreatedOn", "ParentQuestionId", "ParentAnswerId", "OrderNumber", "VotesSum") VALUES ('144eae95-d26e-4e42-b1dd-bea4295daa5d', '1e392be2-e621-4ac1-86c3-81aa7f4873ea', 'Consequatur est repellat excepturi molestiae dolorum in ut. Ratione ab pariatur est cupiditate blanditiis consequuntur esse. Voluptas deserunt voluptatem neque. Eveniet officiis neque animi. Ex voluptas ut delectus cupiditate ut laudantium quia.', '2020-07-06 20:29:34.106079', NULL, '5a98f25e-ce10-4c1d-9287-608a72a7dd3a', 4, 0);
INSERT INTO public."Comments" ("Id", "UserId", "Body", "CreatedOn", "ParentQuestionId", "ParentAnswerId", "OrderNumber", "VotesSum") VALUES ('f34d08ff-acdb-44c2-8b71-93259a93127d', 'a9b8cd06-88f3-4d88-a8d2-2ae3e179e474', 'Voluptas odio corrupti illum itaque ad ipsum numquam. Laudantium vel cumque nesciunt commodi ut doloremque laboriosam. Culpa saepe vitae voluptatem delectus dolor. Beatae aut consequuntur distinctio velit quidem exercitationem natus. Aut reprehenderit quibusdam quos.', '2020-07-06 20:29:34.105775', NULL, '5a98f25e-ce10-4c1d-9287-608a72a7dd3a', 3, 0);
INSERT INTO public."Comments" ("Id", "UserId", "Body", "CreatedOn", "ParentQuestionId", "ParentAnswerId", "OrderNumber", "VotesSum") VALUES ('60a978e3-9272-4e79-9286-646e949cba9c', 'b0f2361e-c512-4afa-9f1f-7be27101b170', 'Tempora qui magnam provident. Consequuntur enim doloremque facilis pariatur itaque. Nostrum architecto veniam error consequatur odit exercitationem voluptas natus. Error nemo molestiae natus officia est aut. Autem delectus et debitis ducimus voluptas debitis laudantium.', '2020-07-06 20:29:34.105467', NULL, '5a98f25e-ce10-4c1d-9287-608a72a7dd3a', 2, 0);
INSERT INTO public."Comments" ("Id", "UserId", "Body", "CreatedOn", "ParentQuestionId", "ParentAnswerId", "OrderNumber", "VotesSum") VALUES ('938e3ea4-4384-4e48-8675-5478f31838d8', '59405a18-8f1d-4ece-a4cd-ef91d5bd65ae', 'Tempore et suscipit veniam. Qui quia consequatur qui assumenda in sit. Enim perspiciatis quas ipsa. Pariatur in consequuntur dolorum dolorum illum. Excepturi repudiandae veritatis eveniet voluptas vero ea.', '2020-07-06 20:29:34.105128', NULL, '5a98f25e-ce10-4c1d-9287-608a72a7dd3a', 1, 0);
INSERT INTO public."Comments" ("Id", "UserId", "Body", "CreatedOn", "ParentQuestionId", "ParentAnswerId", "OrderNumber", "VotesSum") VALUES ('fbf4e613-3e7c-480d-b7f1-1191558d2dd9', '1e392be2-e621-4ac1-86c3-81aa7f4873ea', 'Quae expedita itaque consectetur eveniet fugiat. Iure et maiores sit eligendi et aliquam temporibus maxime. Voluptates asperiores reprehenderit reprehenderit dolore. Quaerat totam similique in et voluptates voluptatem. Perferendis perspiciatis odit voluptatum culpa quis aliquid omnis inventore.', '2020-07-06 20:29:34.104335', NULL, '435d6858-20c3-44c0-b522-8d6d22a38128', 4, 0);
INSERT INTO public."Comments" ("Id", "UserId", "Body", "CreatedOn", "ParentQuestionId", "ParentAnswerId", "OrderNumber", "VotesSum") VALUES ('a311bc60-41bc-45b6-9e3b-700c81da56ec', 'a9b8cd06-88f3-4d88-a8d2-2ae3e179e474', 'Sint possimus dolorem assumenda aut iste et ea eum. Corporis sunt explicabo ipsum voluptatem. Minus voluptatum delectus quaerat rerum amet. Consequuntur earum nihil fugiat ut. Sit consectetur dolor quos.', '2020-07-06 20:29:34.104001', NULL, '435d6858-20c3-44c0-b522-8d6d22a38128', 3, 0);
INSERT INTO public."Comments" ("Id", "UserId", "Body", "CreatedOn", "ParentQuestionId", "ParentAnswerId", "OrderNumber", "VotesSum") VALUES ('741edb51-bdb5-428b-a71a-f0373270e1f8', 'fa11acfe-8234-4fa3-9733-19abe08f74e8', 'Eaque et impedit labore. Velit neque eum et molestiae. Sint dolor non in harum animi voluptas dolores deleniti. Sunt omnis id inventore. Quo optio quia in explicabo.', '2020-07-06 20:29:34.103722', NULL, '435d6858-20c3-44c0-b522-8d6d22a38128', 2, 0);
INSERT INTO public."Comments" ("Id", "UserId", "Body", "CreatedOn", "ParentQuestionId", "ParentAnswerId", "OrderNumber", "VotesSum") VALUES ('721276d1-58f2-45ee-8d75-84a57e131164', '59405a18-8f1d-4ece-a4cd-ef91d5bd65ae', 'Nobis nostrum est modi similique qui vitae velit. Nemo quam laudantium exercitationem dolorum distinctio ratione eos. Inventore eius occaecati et atque sapiente nihil. Similique tempora debitis reprehenderit aut perferendis. Eaque ut commodi enim quo.', '2020-07-06 20:29:34.103459', NULL, '435d6858-20c3-44c0-b522-8d6d22a38128', 1, 0);
INSERT INTO public."Comments" ("Id", "UserId", "Body", "CreatedOn", "ParentQuestionId", "ParentAnswerId", "OrderNumber", "VotesSum") VALUES ('e147c790-9d36-4602-8575-724c1d4d6bd0', '1e392be2-e621-4ac1-86c3-81aa7f4873ea', 'Aliquid voluptate tempora excepturi dolores aut quia. Non placeat fugit iure ea tenetur. Iure dolor quisquam veritatis hic soluta voluptatibus. Dolor eligendi ut eius praesentium perferendis rerum qui amet. Consequatur assumenda maxime saepe quibusdam quod voluptas et.', '2020-07-06 20:29:34.102083', NULL, '938026e9-bc81-4aa6-9800-d9d8f09a3628', 10, 0);
INSERT INTO public."Comments" ("Id", "UserId", "Body", "CreatedOn", "ParentQuestionId", "ParentAnswerId", "OrderNumber", "VotesSum") VALUES ('9b1d1611-b85b-4d89-8712-e830e3fea4fa', 'a9b8cd06-88f3-4d88-a8d2-2ae3e179e474', 'Neque nulla sed amet aut natus quos dolores qui. Rerum amet quia voluptatem quo. Cumque quo omnis facere qui. Eum sit in quisquam. Soluta voluptatem exercitationem vel.', '2020-07-06 20:29:34.101723', NULL, '938026e9-bc81-4aa6-9800-d9d8f09a3628', 9, 0);
INSERT INTO public."Comments" ("Id", "UserId", "Body", "CreatedOn", "ParentQuestionId", "ParentAnswerId", "OrderNumber", "VotesSum") VALUES ('56352a2a-63bc-4bb4-ac74-63a512dcb3bf', 'a9b8cd06-88f3-4d88-a8d2-2ae3e179e474', 'Et voluptas a recusandae. Ea voluptas aut eum. A deleniti quis velit aut sit eos iste reiciendis. Commodi doloremque ex neque quia dolor aliquam dolorem. Quisquam ut et eveniet veritatis quis velit.', '2020-07-06 20:29:34.101465', NULL, '938026e9-bc81-4aa6-9800-d9d8f09a3628', 8, 0);
INSERT INTO public."Comments" ("Id", "UserId", "Body", "CreatedOn", "ParentQuestionId", "ParentAnswerId", "OrderNumber", "VotesSum") VALUES ('1bf6f136-9cc0-49a1-ac4d-74d16c66f08a', 'b0f2361e-c512-4afa-9f1f-7be27101b170', 'Repellat numquam qui odit voluptatum. Sit voluptates tenetur consequatur veritatis et deserunt facilis. Ea omnis quo sequi non id. Ut possimus sint consequatur impedit et laboriosam. Beatae delectus dignissimos non est debitis mollitia qui.', '2020-07-06 20:29:34.101158', NULL, '938026e9-bc81-4aa6-9800-d9d8f09a3628', 7, 0);
INSERT INTO public."Comments" ("Id", "UserId", "Body", "CreatedOn", "ParentQuestionId", "ParentAnswerId", "OrderNumber", "VotesSum") VALUES ('5a247f4f-0570-4772-b420-f6482f1af9fd', 'fa11acfe-8234-4fa3-9733-19abe08f74e8', 'Beatae nihil illum accusantium eligendi facilis natus ut sequi. Ea excepturi ut est fugit dolorem repudiandae ut eligendi. Dolor alias corporis modi. Adipisci ipsum quia necessitatibus deleniti nostrum est at. Quasi est accusantium recusandae.', '2020-07-06 20:29:34.100549', NULL, '938026e9-bc81-4aa6-9800-d9d8f09a3628', 5, 0);
INSERT INTO public."Comments" ("Id", "UserId", "Body", "CreatedOn", "ParentQuestionId", "ParentAnswerId", "OrderNumber", "VotesSum") VALUES ('5c09050b-ce04-4b4d-b36e-232aece425ab', '59405a18-8f1d-4ece-a4cd-ef91d5bd65ae', 'Explicabo sint accusantium incidunt dolorem. Hic vel nostrum nam voluptas animi placeat. Facere doloribus ipsa quisquam eaque odio nihil repudiandae. Rem tempora consequatur odio itaque sequi. Repellendus optio fugiat maxime unde possimus iure dolorum deserunt.', '2020-07-06 20:29:34.100197', NULL, '938026e9-bc81-4aa6-9800-d9d8f09a3628', 4, 0);
INSERT INTO public."Comments" ("Id", "UserId", "Body", "CreatedOn", "ParentQuestionId", "ParentAnswerId", "OrderNumber", "VotesSum") VALUES ('206770f2-fe0b-473a-b541-c2d3e412d7fa', '59405a18-8f1d-4ece-a4cd-ef91d5bd65ae', 'Doloribus iure laborum dolor. Fugiat reprehenderit non quia sed nisi. Ut repellat dicta minus. Tempora quis nobis eos eum. Beatae voluptas eum eos.', '2020-07-06 20:29:34.099859', NULL, '938026e9-bc81-4aa6-9800-d9d8f09a3628', 3, 0);
INSERT INTO public."Comments" ("Id", "UserId", "Body", "CreatedOn", "ParentQuestionId", "ParentAnswerId", "OrderNumber", "VotesSum") VALUES ('faf566a9-9938-482d-9fdb-027b810673d3', 'b0f2361e-c512-4afa-9f1f-7be27101b170', 'Sed error eos eaque suscipit et non est quas. Perspiciatis tempore praesentium enim exercitationem animi quam. Itaque est modi ut. Quod in iste qui quaerat molestiae et voluptas quasi. Similique voluptates nam et ex.', '2020-07-06 20:29:34.099617', NULL, '938026e9-bc81-4aa6-9800-d9d8f09a3628', 2, 0);
INSERT INTO public."Comments" ("Id", "UserId", "Body", "CreatedOn", "ParentQuestionId", "ParentAnswerId", "OrderNumber", "VotesSum") VALUES ('b34e23c3-0332-42f6-9019-26115c2e23b6', 'a9b8cd06-88f3-4d88-a8d2-2ae3e179e474', 'Sit fugiat vel culpa laborum consequatur voluptatem eum. Fugit sit sapiente occaecati. Error et suscipit soluta adipisci sapiente rerum dolores. Dolorum temporibus in consequatur officia et reprehenderit. Sunt tempora officiis unde id ullam soluta.', '2020-07-06 20:29:34.098466', NULL, '06faa0b1-925c-4630-a11e-b3777f539f15', 3, 0);
INSERT INTO public."Comments" ("Id", "UserId", "Body", "CreatedOn", "ParentQuestionId", "ParentAnswerId", "OrderNumber", "VotesSum") VALUES ('d367e4e6-e34c-4fd7-81cf-f57360f10500', '1e392be2-e621-4ac1-86c3-81aa7f4873ea', 'Sint deleniti amet in eos nam et voluptatem. Nisi quis nobis maiores. Eligendi reiciendis et quia laudantium itaque nesciunt culpa. Sit velit exercitationem amet dolores ea beatae. Neque et laudantium rerum rerum accusantium eligendi.', '2020-07-06 20:29:34.098105', NULL, '06faa0b1-925c-4630-a11e-b3777f539f15', 2, 0);
INSERT INTO public."Comments" ("Id", "UserId", "Body", "CreatedOn", "ParentQuestionId", "ParentAnswerId", "OrderNumber", "VotesSum") VALUES ('5cdbefc5-6e92-4b43-8e1e-d15f2ec1ff86', '1e392be2-e621-4ac1-86c3-81aa7f4873ea', 'Neque omnis omnis nemo maiores harum. Molestiae est sed provident voluptatum nihil qui voluptatem. Fuga esse quos quas quia sint dolorem. Id non natus itaque est laboriosam consequatur et. Deleniti amet omnis laborum vel maiores debitis enim rerum.', '2020-07-06 20:29:34.097774', NULL, '06faa0b1-925c-4630-a11e-b3777f539f15', 1, 0);
INSERT INTO public."Comments" ("Id", "UserId", "Body", "CreatedOn", "ParentQuestionId", "ParentAnswerId", "OrderNumber", "VotesSum") VALUES ('dc8531e7-0619-4b23-ad83-cf18ec34aa83', 'fa11acfe-8234-4fa3-9733-19abe08f74e8', 'Eos eum dolorum voluptatibus voluptatibus provident. Voluptatem culpa et fuga itaque. Qui magni odit assumenda. Et repellendus dignissimos sit ducimus quia aut. Iste dolores dolore et in vel illum.', '2020-07-06 20:29:34.112862', NULL, '6aa26327-cd61-473a-b759-4f73e6ed42d0', 5, 0);
INSERT INTO public."Comments" ("Id", "UserId", "Body", "CreatedOn", "ParentQuestionId", "ParentAnswerId", "OrderNumber", "VotesSum") VALUES ('52ecf6ae-b0b1-4cee-89cf-1ac998545488', '1e392be2-e621-4ac1-86c3-81aa7f4873ea', 'Fugit optio odit repellat dolores iusto. Illum nihil corporis eius omnis beatae molestiae consequatur. Atque optio odit quo est. Minima aut totam et et asperiores dolores ut voluptatem. Assumenda explicabo dolore consectetur sint tempora labore impedit adipisci.', '2020-07-06 20:29:34.113203', NULL, '6aa26327-cd61-473a-b759-4f73e6ed42d0', 6, 0);
INSERT INTO public."Comments" ("Id", "UserId", "Body", "CreatedOn", "ParentQuestionId", "ParentAnswerId", "OrderNumber", "VotesSum") VALUES ('78cbf337-fc76-4cec-931f-31f5bd7da243', 'fa11acfe-8234-4fa3-9733-19abe08f74e8', 'Nulla ut corrupti dolorem. Aperiam natus magni quasi. Ad corporis necessitatibus commodi quia ut. Beatae illo et nihil qui odio ipsum perspiciatis officiis. Quis est repellat impedit distinctio et aut reprehenderit sint.', '2020-07-26 09:56:14.978562', 'c335e2be-175e-42ed-956a-250cc3627fbb', NULL, 2, 0);
INSERT INTO public."Comments" ("Id", "UserId", "Body", "CreatedOn", "ParentQuestionId", "ParentAnswerId", "OrderNumber", "VotesSum") VALUES ('696deabe-a35a-4020-bbfe-77d78b539ef5', 'fa11acfe-8234-4fa3-9733-19abe08f74e8', 'Nulla ut corrupti dolorem. Aperiam natus magni quasi. Ad corporis necessitatibus commodi quia ut. Beatae illo et nihil qui odio ipsum perspiciatis officiis. Quis est repellat impedit distinctio et aut reprehenderit sint.', '2020-07-26 11:43:11.551408', 'c335e2be-175e-42ed-956a-250cc3627fbb', NULL, 3, 0);
INSERT INTO public."Comments" ("Id", "UserId", "Body", "CreatedOn", "ParentQuestionId", "ParentAnswerId", "OrderNumber", "VotesSum") VALUES ('c45122c4-7c07-4ca8-b039-cb11b0d880f0', 'fa11acfe-8234-4fa3-9733-19abe08f74e8', 'Nulla ut corrupti dolorem. Aperiam natus magni quasi. Ad corporis necessitatibus commodi quia ut. Beatae illo et nihil qui odio ipsum perspiciatis officiis. Quis est repellat impedit distinctio et aut reprehenderit sint.', '2020-07-26 11:51:30.918088', 'c335e2be-175e-42ed-956a-250cc3627fbb', NULL, 4, 0);
INSERT INTO public."Comments" ("Id", "UserId", "Body", "CreatedOn", "ParentQuestionId", "ParentAnswerId", "OrderNumber", "VotesSum") VALUES ('fe19a53c-bafe-4fd5-a1fe-671f7954ed1e', 'fa11acfe-8234-4fa3-9733-19abe08f74e8', 'Nulla ut corrupti dolorem. Aperiam natus magni quasi. Ad corporis necessitatibus commodi quia ut. Beatae illo et nihil qui odio ipsum perspiciatis officiis. Quis est repellat impedit distinctio et aut reprehenderit sint.', '2020-07-26 15:28:21.117486', 'c335e2be-175e-42ed-956a-250cc3627fbb', NULL, 5, 0);
INSERT INTO public."Comments" ("Id", "UserId", "Body", "CreatedOn", "ParentQuestionId", "ParentAnswerId", "OrderNumber", "VotesSum") VALUES ('79e473f1-01f0-4c14-b682-429ad4b8e6d8', 'fa11acfe-8234-4fa3-9733-19abe08f74e8', 'Nulla ut corrupti dolorem. Aperiam natus magni quasi. Ad corporis necessitatibus commodi quia ut. Beatae illo et nihil qui odio ipsum perspiciatis officiis. Quis est repellat impedit distinctio et aut reprehenderit sint.', '2020-07-26 15:29:27.673691', 'c335e2be-175e-42ed-956a-250cc3627fbb', NULL, 6, 0);
INSERT INTO public."Comments" ("Id", "UserId", "Body", "CreatedOn", "ParentQuestionId", "ParentAnswerId", "OrderNumber", "VotesSum") VALUES ('f5ba2401-d17a-44aa-931c-f28c70752dee', 'fa11acfe-8234-4fa3-9733-19abe08f74e8', 'Nulla ut corrupti dolorem. Aperiam natus magni quasi. Ad corporis necessitatibus commodi quia ut. Beatae illo et nihil qui odio ipsum perspiciatis officiis. Quis est repellat impedit distinctio et aut reprehenderit sint.', '2020-07-26 15:38:16.27561', 'c335e2be-175e-42ed-956a-250cc3627fbb', NULL, 7, 0);
INSERT INTO public."Comments" ("Id", "UserId", "Body", "CreatedOn", "ParentQuestionId", "ParentAnswerId", "OrderNumber", "VotesSum") VALUES ('0af14de4-af56-44b4-b9b9-8f0f5b741849', 'fa11acfe-8234-4fa3-9733-19abe08f74e8', 'Nulla ut corrupti dolorem. Aperiam natus magni quasi. Ad corporis necessitatibus commodi quia ut. Beatae illo et nihil qui odio ipsum perspiciatis officiis. Quis est repellat impedit distinctio et aut reprehenderit sint.', '2020-07-26 15:38:33.056583', 'c335e2be-175e-42ed-956a-250cc3627fbb', NULL, 8, 0);
INSERT INTO public."Comments" ("Id", "UserId", "Body", "CreatedOn", "ParentQuestionId", "ParentAnswerId", "OrderNumber", "VotesSum") VALUES ('d1538ad6-56ea-4ca1-bb66-d572d1acfb56', 'fa11acfe-8234-4fa3-9733-19abe08f74e8', 'Nulla ut corrupti dolorem. Aperiam natus magni quasi. Ad corporis necessitatibus commodi quia ut. Beatae illo et nihil qui odio ipsum perspiciatis officiis. Quis est repellat impedit distinctio et aut reprehenderit sint.', '2020-07-26 15:39:16.977245', 'c335e2be-175e-42ed-956a-250cc3627fbb', NULL, 9, 0);
INSERT INTO public."Comments" ("Id", "UserId", "Body", "CreatedOn", "ParentQuestionId", "ParentAnswerId", "OrderNumber", "VotesSum") VALUES ('c80019d4-a30d-47c9-92cc-0b12f7aadbee', 'fa11acfe-8234-4fa3-9733-19abe08f74e8', 'Nulla ut corrupti dolorem. Aperiam natus magni quasi. Ad corporis necessitatibus commodi quia ut. Beatae illo et nihil qui odio ipsum perspiciatis officiis. Quis est repellat impedit distinctio et aut reprehenderit sint.', '2020-07-26 15:49:02.885798', 'c335e2be-175e-42ed-956a-250cc3627fbb', NULL, 10, 0);
INSERT INTO public."Comments" ("Id", "UserId", "Body", "CreatedOn", "ParentQuestionId", "ParentAnswerId", "OrderNumber", "VotesSum") VALUES ('d8b23ef7-01b1-4029-aa28-e0a28853ea7a', 'fa11acfe-8234-4fa3-9733-19abe08f74e8', 'Nulla ut corrupti dolorem. Aperiam natus magni quasi. Ad corporis necessitatibus commodi quia ut. Beatae illo et nihil qui odio ipsum perspiciatis officiis. Quis est repellat impedit distinctio et aut reprehenderit sint.', '2020-07-26 15:50:08.477693', 'c335e2be-175e-42ed-956a-250cc3627fbb', NULL, 11, 0);
INSERT INTO public."Comments" ("Id", "UserId", "Body", "CreatedOn", "ParentQuestionId", "ParentAnswerId", "OrderNumber", "VotesSum") VALUES ('d6f5cb16-1eb3-42f2-9a38-4f6d59043d98', 'fa11acfe-8234-4fa3-9733-19abe08f74e8', 'This is a comment on answer.This is a comment on answer.This is a comment on answer.This is a comment on answer.', '2020-07-26 23:32:29.097725', NULL, '6aa26327-cd61-473a-b759-4f73e6ed42d0', 8, 0);
INSERT INTO public."Comments" ("Id", "UserId", "Body", "CreatedOn", "ParentQuestionId", "ParentAnswerId", "OrderNumber", "VotesSum") VALUES ('45e69958-09d5-430f-aad8-e60e91c6db0f', 'fa11acfe-8234-4fa3-9733-19abe08f74e8', 'This is a comment on answer.This is a comment on answer.This is a comment on answer.This is a comment on answer.', '2020-07-26 23:10:24.938756', NULL, '6aa26327-cd61-473a-b759-4f73e6ed42d0', 7, 0);
INSERT INTO public."Comments" ("Id", "UserId", "Body", "CreatedOn", "ParentQuestionId", "ParentAnswerId", "OrderNumber", "VotesSum") VALUES ('8ab261f4-ea1e-4935-9b31-2e0582751678', 'fa11acfe-8234-4fa3-9733-19abe08f74e8', 'Nulla ut corrupti dolorem. Aperiam natus magni quasi. Ad corporis necessitatibus commodi quia ut. Beatae illo et nihil qui odio ipsum perspiciatis officiis. Quis est repellat impedit distinctio et aut reprehenderit sint.', '2020-07-26 23:11:24.480886', 'c335e2be-175e-42ed-956a-250cc3627fbb', NULL, 12, 0);
INSERT INTO public."Comments" ("Id", "UserId", "Body", "CreatedOn", "ParentQuestionId", "ParentAnswerId", "OrderNumber", "VotesSum") VALUES ('089c5d6c-9207-446a-9189-2104459976f4', 'fa11acfe-8234-4fa3-9733-19abe08f74e8', 'Nulla ut corrupti dolorem. Aperiam natus magni quasi. Ad corporis necessitatibus commodi quia ut. Beatae illo et nihil qui odio ipsum perspiciatis officiis. Quis est repellat impedit distinctio et aut reprehenderit sint.', '2020-07-26 23:15:19.881664', 'c335e2be-175e-42ed-956a-250cc3627fbb', NULL, 13, 0);
INSERT INTO public."Comments" ("Id", "UserId", "Body", "CreatedOn", "ParentQuestionId", "ParentAnswerId", "OrderNumber", "VotesSum") VALUES ('e0c9bf4b-a876-4c2d-88e9-ade0ef15fde0', 'fa11acfe-8234-4fa3-9733-19abe08f74e8', 'Nulla ut corrupti dolorem. Aperiam natus magni quasi. Ad corporis necessitatibus commodi quia ut. Beatae illo et nihil qui odio ipsum perspiciatis officiis. Quis est repellat impedit distinctio et aut reprehenderit sint.', '2020-07-26 23:18:55.945857', 'c335e2be-175e-42ed-956a-250cc3627fbb', NULL, 14, 0);
INSERT INTO public."Comments" ("Id", "UserId", "Body", "CreatedOn", "ParentQuestionId", "ParentAnswerId", "OrderNumber", "VotesSum") VALUES ('6b50789c-e0cf-4a38-a85d-ca6c0bfec19b', 'fa11acfe-8234-4fa3-9733-19abe08f74e8', 'Nulla ut corrupti dolorem. Aperiam natus magni quasi. Ad corporis necessitatibus commodi quia ut. Beatae illo et nihil qui odio ipsum perspiciatis officiis. Quis est repellat impedit distinctio et aut reprehenderit sint.', '2020-07-26 23:31:38.869038', 'c335e2be-175e-42ed-956a-250cc3627fbb', NULL, 15, 0);
INSERT INTO public."Comments" ("Id", "UserId", "Body", "CreatedOn", "ParentQuestionId", "ParentAnswerId", "OrderNumber", "VotesSum") VALUES ('c950bfc9-9207-4033-897a-06a0f9b6269f', 'fa11acfe-8234-4fa3-9733-19abe08f74e8', 'Nulla ut corrupti dolorem. Aperiam natus magni quasi. Ad corporis necessitatibus commodi quia ut. Beatae illo et nihil qui odio ipsum perspiciatis officiis. Quis est repellat impedit distinctio et aut reprehenderit sint.', '2020-07-27 06:08:38.970825', 'c335e2be-175e-42ed-956a-250cc3627fbb', NULL, 16, 0);
INSERT INTO public."Comments" ("Id", "UserId", "Body", "CreatedOn", "ParentQuestionId", "ParentAnswerId", "OrderNumber", "VotesSum") VALUES ('9a48b372-3826-4d48-91ee-940d9900d37e', 'fa11acfe-8234-4fa3-9733-19abe08f74e8', 'Nulla ut corrupti dolorem. Aperiam natus magni quasi. Ad corporis necessitatibus commodi quia ut. Beatae illo et nihil qui odio ipsum perspiciatis officiis. Quis est repellat impedit distinctio et aut reprehenderit sint.', '2020-07-27 06:10:08.406279', 'c335e2be-175e-42ed-956a-250cc3627fbb', NULL, 17, 0);
INSERT INTO public."Comments" ("Id", "UserId", "Body", "CreatedOn", "ParentQuestionId", "ParentAnswerId", "OrderNumber", "VotesSum") VALUES ('710c957c-04f8-4e6d-a6e5-6f86975f4b39', 'fa11acfe-8234-4fa3-9733-19abe08f74e8', 'This is a comment on answer.This is a comment on answer.This is a comment on answer.This is a comment on answer.', '2020-07-27 06:11:28.616343', NULL, '6aa26327-cd61-473a-b759-4f73e6ed42d0', 9, 0);
INSERT INTO public."Comments" ("Id", "UserId", "Body", "CreatedOn", "ParentQuestionId", "ParentAnswerId", "OrderNumber", "VotesSum") VALUES ('50777d1f-b436-481e-a323-044a1f0cfc89', '1e392be2-e621-4ac1-86c3-81aa7f4873ea', 'Ratione qui omnis sapiente ad repellendus enim ratione. Vitae nisi aut doloremque quia. At est aperiam a quidem corporis dolorem totam quae. Quia ipsa dolorum ullam qui a ut voluptatem voluptas. Eligendi excepturi facilis iure earum dolor quisquam voluptas esse.', '2020-07-06 20:29:34.099244', NULL, '938026e9-bc81-4aa6-9800-d9d8f09a3628', 1, 1);
INSERT INTO public."Comments" ("Id", "UserId", "Body", "CreatedOn", "ParentQuestionId", "ParentAnswerId", "OrderNumber", "VotesSum") VALUES ('bfa531de-44f6-4413-b28e-323ed7737a0f', 'fa11acfe-8234-4fa3-9733-19abe08f74e8', 'This is a comment on answer.This is a comment on answer.This is a comment on answer.This is a comment on answer.', '2020-07-27 06:15:03.652475', NULL, '6aa26327-cd61-473a-b759-4f73e6ed42d0', 10, 0);
INSERT INTO public."Comments" ("Id", "UserId", "Body", "CreatedOn", "ParentQuestionId", "ParentAnswerId", "OrderNumber", "VotesSum") VALUES ('8898b2ac-da34-45af-9ab4-7e2e7722a0ab', 'fa11acfe-8234-4fa3-9733-19abe08f74e8', 'I am writing to you.I am writing to you.I am writing to you.I am writing to you.', '2020-07-27 06:18:46.413307', NULL, '5a98f25e-ce10-4c1d-9287-608a72a7dd3a', 6, 0);
INSERT INTO public."Comments" ("Id", "UserId", "Body", "CreatedOn", "ParentQuestionId", "ParentAnswerId", "OrderNumber", "VotesSum") VALUES ('a6b39833-3b72-4ea5-8130-5d845b37f1d9', 'fa11acfe-8234-4fa3-9733-19abe08f74e8', 'I am writing to you.I am writing to you.I am writing to you.I am writing to you.', '2020-07-27 06:18:52.693103', NULL, '5a98f25e-ce10-4c1d-9287-608a72a7dd3a', 7, 0);
INSERT INTO public."Comments" ("Id", "UserId", "Body", "CreatedOn", "ParentQuestionId", "ParentAnswerId", "OrderNumber", "VotesSum") VALUES ('16cd0ab1-89f9-453c-8aee-68dd0359dfb5', 'fa11acfe-8234-4fa3-9733-19abe08f74e8', 'I am writing to you.I am writing to you.I am writing to you.I am writing to you.', '2020-07-27 06:18:53.512025', NULL, '5a98f25e-ce10-4c1d-9287-608a72a7dd3a', 8, 0);
INSERT INTO public."Comments" ("Id", "UserId", "Body", "CreatedOn", "ParentQuestionId", "ParentAnswerId", "OrderNumber", "VotesSum") VALUES ('b871c52b-8e43-47e5-a962-c7d3a0577ecd', 'fa11acfe-8234-4fa3-9733-19abe08f74e8', 'I am writing to you.I am writing to you.I am writing to you.I am writing to you.', '2020-07-27 06:18:54.279856', NULL, '5a98f25e-ce10-4c1d-9287-608a72a7dd3a', 9, 0);
INSERT INTO public."Comments" ("Id", "UserId", "Body", "CreatedOn", "ParentQuestionId", "ParentAnswerId", "OrderNumber", "VotesSum") VALUES ('99d3b8f7-e4dc-4264-8257-2350dc36e158', 'fa11acfe-8234-4fa3-9733-19abe08f74e8', 'This is me commenting something.This is me commenting something.This is me commenting something.This is me commenting something.This is me commenting something.', '2020-07-27 06:19:34.349098', NULL, '435d6858-20c3-44c0-b522-8d6d22a38128', 5, 0);
INSERT INTO public."Comments" ("Id", "UserId", "Body", "CreatedOn", "ParentQuestionId", "ParentAnswerId", "OrderNumber", "VotesSum") VALUES ('d461898e-4fee-4fa3-a059-c8eca5c1b8e2', 'fa11acfe-8234-4fa3-9733-19abe08f74e8', 'This is me commenting something.This is me commenting something.This is me commenting something.This is me commenting something.This is me commenting something.', '2020-07-27 06:19:35.442937', NULL, '435d6858-20c3-44c0-b522-8d6d22a38128', 6, 0);
INSERT INTO public."Comments" ("Id", "UserId", "Body", "CreatedOn", "ParentQuestionId", "ParentAnswerId", "OrderNumber", "VotesSum") VALUES ('49f7ec35-2919-491f-99a6-75472b497a8f', 'fa11acfe-8234-4fa3-9733-19abe08f74e8', 'This is me commenting something.This is me commenting something.This is me commenting something.This is me commenting something.This is me commenting something.', '2020-07-27 06:19:36.141002', NULL, '435d6858-20c3-44c0-b522-8d6d22a38128', 7, 0);
INSERT INTO public."Comments" ("Id", "UserId", "Body", "CreatedOn", "ParentQuestionId", "ParentAnswerId", "OrderNumber", "VotesSum") VALUES ('8265bf50-93b1-4cdc-be5b-09e14d9b38c8', 'fa11acfe-8234-4fa3-9733-19abe08f74e8', 'This is me commenting something.This is me commenting something.This is me commenting something.This is me commenting something.This is me commenting something.', '2020-07-27 06:19:36.808871', NULL, '435d6858-20c3-44c0-b522-8d6d22a38128', 8, 0);
INSERT INTO public."Comments" ("Id", "UserId", "Body", "CreatedOn", "ParentQuestionId", "ParentAnswerId", "OrderNumber", "VotesSum") VALUES ('984689bc-bf89-420d-ad43-132a51f3b48b', 'fa11acfe-8234-4fa3-9733-19abe08f74e8', 'This is me commenting something.This is me commenting something.This is me commenting something.This is me commenting something.This is me commenting something.', '2020-07-27 06:19:37.392641', NULL, '435d6858-20c3-44c0-b522-8d6d22a38128', 9, 0);
INSERT INTO public."Comments" ("Id", "UserId", "Body", "CreatedOn", "ParentQuestionId", "ParentAnswerId", "OrderNumber", "VotesSum") VALUES ('517784bc-9c73-4d52-99f3-382edd1c9961', 'fa11acfe-8234-4fa3-9733-19abe08f74e8', 'This is me commenting something.This is me commenting something.This is me commenting something.This is me commenting something.This is me commenting something.', '2020-07-27 06:19:38.611847', NULL, '435d6858-20c3-44c0-b522-8d6d22a38128', 10, 0);
INSERT INTO public."Comments" ("Id", "UserId", "Body", "CreatedOn", "ParentQuestionId", "ParentAnswerId", "OrderNumber", "VotesSum") VALUES ('49a677b7-3eeb-4d64-9687-b26872d0ca35', 'fa11acfe-8234-4fa3-9733-19abe08f74e8', 'This is me commenting something.This is me commenting something.This is me commenting something.This is me commenting something.This is me commenting something.', '2020-07-27 06:23:51.834356', NULL, '435d6858-20c3-44c0-b522-8d6d22a38128', 11, 0);
INSERT INTO public."Comments" ("Id", "UserId", "Body", "CreatedOn", "ParentQuestionId", "ParentAnswerId", "OrderNumber", "VotesSum") VALUES ('aa7941da-1320-42da-8882-2fa2be40dbd0', 'fa11acfe-8234-4fa3-9733-19abe08f74e8', 'aaaaaaaaaThis is me commenting something.This is me commenting something.This is me commenting something.This is me commenting something.This is me commenting something.', '2020-07-27 21:28:08.824621', NULL, '435d6858-20c3-44c0-b522-8d6d22a38128', 12, 0);
INSERT INTO public."Comments" ("Id", "UserId", "Body", "CreatedOn", "ParentQuestionId", "ParentAnswerId", "OrderNumber", "VotesSum") VALUES ('92840260-e863-4050-925c-4f81c8969225', 'fa11acfe-8234-4fa3-9733-19abe08f74e8', 'aaaaaaaaaThis is me commenting something.This is me commenting something.This is me commenting something.This is me commenting something.This is me commenting something.', '2020-07-27 21:54:29.781343', NULL, '435d6858-20c3-44c0-b522-8d6d22a38128', 13, 0);
INSERT INTO public."Comments" ("Id", "UserId", "Body", "CreatedOn", "ParentQuestionId", "ParentAnswerId", "OrderNumber", "VotesSum") VALUES ('85e2d612-499f-477a-96b7-33ded296817a', 'fa11acfe-8234-4fa3-9733-19abe08f74e8', 'This is me commenting something.This is me commenting something.This is me commenting something.This is me commenting something.This is me commenting something.', '2020-07-27 22:38:11.584233', NULL, '435d6858-20c3-44c0-b522-8d6d22a38128', 14, 0);
INSERT INTO public."Comments" ("Id", "UserId", "Body", "CreatedOn", "ParentQuestionId", "ParentAnswerId", "OrderNumber", "VotesSum") VALUES ('4a3d1dec-c8b6-421b-a3d2-c01855e8d272', 'fa11acfe-8234-4fa3-9733-19abe08f74e8', 'aaaaaaaaaThis is me commenting something.This is me commenting something.This is me commenting something.This is me commenting something.This is me commenting something.', '2020-07-27 22:50:36.773077', NULL, '435d6858-20c3-44c0-b522-8d6d22a38128', 15, 0);
INSERT INTO public."Comments" ("Id", "UserId", "Body", "CreatedOn", "ParentQuestionId", "ParentAnswerId", "OrderNumber", "VotesSum") VALUES ('2f10a198-7ef3-4833-bd32-d53b9f5bd771', 'fa11acfe-8234-4fa3-9733-19abe08f74e8', 'bbbbbbThis is the altered textThis is the altered textThis is the altered textThis is the altered textThis is the altered textThis is the altered text.', '2020-07-27 22:53:30.998116', 'c335e2be-175e-42ed-956a-250cc3627fbb', NULL, 18, 0);
INSERT INTO public."Comments" ("Id", "UserId", "Body", "CreatedOn", "ParentQuestionId", "ParentAnswerId", "OrderNumber", "VotesSum") VALUES ('31dc3531-1a68-467b-845c-0b268be5f8a9', 'fa11acfe-8234-4fa3-9733-19abe08f74e8', 'This is me commenting something.This is me commenting something.This is me commenting something.This is me commenting something.This is me commenting something.', '2020-08-15 21:19:02.115338', NULL, '435d6858-20c3-44c0-b522-8d6d22a38128', 16, 0);
INSERT INTO public."Comments" ("Id", "UserId", "Body", "CreatedOn", "ParentQuestionId", "ParentAnswerId", "OrderNumber", "VotesSum") VALUES ('8ac4907f-cd6d-422a-b1d3-d09c64b7b469', 'fa11acfe-8234-4fa3-9733-19abe08f74e8', 'Securingasdasdsa React Apps with Auth0aaaSecuring React Apps with Auth0aaaSecuring React Apps with Auth0aaaSecuring React Apps with Auth0aaa', '2020-12-12 23:15:20.330506', '2a5da4a5-74b1-4d7b-8ded-4e65b334ebd3', NULL, 1, 0);
INSERT INTO public."Comments" ("Id", "UserId", "Body", "CreatedOn", "ParentQuestionId", "ParentAnswerId", "OrderNumber", "VotesSum") VALUES ('b36ab1d8-3777-4ea1-a923-4db714c5a54c', 'fa11acfe-8234-4fa3-9733-19abe08f74e8', 'Securing React Apps with Auth0aaaSecuring React Apps with Auth0aaaSecuring React Apps with Auth0aaaSecuring React Apps with Auth0aaa', '2020-12-16 22:07:22.146431', NULL, NULL, 2, 0);
INSERT INTO public."Comments" ("Id", "UserId", "Body", "CreatedOn", "ParentQuestionId", "ParentAnswerId", "OrderNumber", "VotesSum") VALUES ('c97013b2-0e31-4f81-a7d1-b6d55e688735', 'fa11acfe-8234-4fa3-9733-19abe08f74e8', 'Securing React Apps with Auth0aaaSecuring React Apps with Auth0aaaSecuring React Apps with Auth0aaaSecuring React Apps with Auth0aaa', '2020-12-16 22:07:18.973372', NULL, NULL, 1, 0);
INSERT INTO public."Comments" ("Id", "UserId", "Body", "CreatedOn", "ParentQuestionId", "ParentAnswerId", "OrderNumber", "VotesSum") VALUES ('52952fff-cb13-4803-971c-5e764085d796', '1e392be2-e621-4ac1-86c3-81aa7f4873ea', 'Iste vitae vero in culpa. Sint illum dolores quaerat quia doloremque. Voluptatem tenetur dicta cupiditate. Et voluptates ut quia aliquid. Deserunt est beatae omnis minus magnam cupiditate numquam.', '2020-07-06 20:29:34.097013', NULL, 'e13af107-600d-4e35-b1da-c7201316f89e', 2, 0);
INSERT INTO public."Comments" ("Id", "UserId", "Body", "CreatedOn", "ParentQuestionId", "ParentAnswerId", "OrderNumber", "VotesSum") VALUES ('8809e02e-ac1a-4524-829c-9d1a0fb090bf', '1e392be2-e621-4ac1-86c3-81aa7f4873ea', 'Voluptatem dolore accusantium non odio placeat consequuntur. Vel rerum repellat quos est dicta ut praesentium quia. Autem tempore a repudiandae est quam dolorem ea alias. Doloribus alias delectus repellendus excepturi cupiditate illum. Magni non sed ratione molestias.', '2020-07-06 20:29:34.096499', NULL, 'e13af107-600d-4e35-b1da-c7201316f89e', 1, 1);
INSERT INTO public."Comments" ("Id", "UserId", "Body", "CreatedOn", "ParentQuestionId", "ParentAnswerId", "OrderNumber", "VotesSum") VALUES ('fdf9d365-7c9f-4b8a-8af6-679f0de1805f', 'fa11acfe-8234-4fa3-9733-19abe08f74e8', 'qqqSecuring React Apps with Auth0aaaSecuring React Apps with Auth0aaaSecuring React Apps with Auth0aaaSecuring React Apps with Auth0aaa', '2020-12-20 22:17:48.866736', NULL, 'eb0f7b53-fd32-461d-a8cf-0f515e418055', 1, 0);
INSERT INTO public."Comments" ("Id", "UserId", "Body", "CreatedOn", "ParentQuestionId", "ParentAnswerId", "OrderNumber", "VotesSum") VALUES ('aabb2ead-91a7-4f46-9862-b2519677625d', 'fa11acfe-8234-4fa3-9733-19abe08f74e8', 'axxysSecuring React Apps with Auth0aaaSecuring React Apps with Auth0aaaSecuring React Apps with Auth0aaaSecuring React Apps with Auth0aaa', '2020-12-20 22:17:21.86105', '29e0e472-6ae4-4d7e-a7d3-d5b4c707908a', NULL, 13, 0);
INSERT INTO public."Comments" ("Id", "UserId", "Body", "CreatedOn", "ParentQuestionId", "ParentAnswerId", "OrderNumber", "VotesSum") VALUES ('c16456ed-7efc-4709-853e-52c53e077a97', 'fa11acfe-8234-4fa3-9733-19abe08f74e8', 'vxxx with Auth0aaaSecuring React Apps with Auth0aaaSecuring React Apps with Auth0aaaSecuring React Apps with Auth0aaa Asked by Luettgen o', '2021-01-25 22:27:13.73683', '04fa2489-a5f1-4f1a-a1dc-f8766cf692fe', NULL, 1, 0);
INSERT INTO public."Comments" ("Id", "UserId", "Body", "CreatedOn", "ParentQuestionId", "ParentAnswerId", "OrderNumber", "VotesSum") VALUES ('0df37ec6-3c41-4f3b-a83b-c49f00a506a8', 'bd891d4c-1079-4f89-a8d0-480e4a3de1b2', 'Securing React Apps with Auth0aaaSecuring React Apps with Auth0aaaSecuring React Apps with Auth0aaaSecuring React Apps with Auth0aaa', '2021-02-11 10:01:15.169792', 'c5cc4001-e1d9-43bd-a24c-8233c3c90738', NULL, 1, 0);
INSERT INTO public."Comments" ("Id", "UserId", "Body", "CreatedOn", "ParentQuestionId", "ParentAnswerId", "OrderNumber", "VotesSum") VALUES ('dea41bb7-4eb3-44c4-887c-8b65d1717b79', '23cbf677-f5af-42a7-970b-f2525e80fa84', '499Securing React Apps with Auth0aaaSecuring React Apps with Auth0aaaSecuring React Apps with Auth0aaaSecuring React Apps with Auth0aaa', '2021-02-24 21:39:35.603737', '0002f834-bf18-41eb-a6db-19745660e764', NULL, 1, 0);






